contig_id,name,start,stop,evalue,bitscore,truncated,accession
Cluster-70816.96964_!WTR_Frame+3,SMC_prok_B,43,98,0.00804293,34.2619,N,TIGR02168
Cluster-70816.96965_Frame+1,SMC_prok_B,16,203,1.06087e-06,48.1291,NC,TIGR02168
Cluster-70816.142953_Frame+3,Med24_N,9,948,0,620.568,-,pfam11277
Cluster-70816.125667_Frame-2,DUF2205,61,124,1.54072e-28,99.3147,-,pfam10224
Cluster-70816.82594_Frame+2,PRK14971,97,200,9.57887e-06,45.5367,NC,PRK14971
Cluster-70816.82599_Frame+1,RT_like,2,54,7.54856e-06,41.1226,C,cl02808
Cluster-79183.2_Frame-3,P-loop_NTPase,10,230,2.8072e-61,191.078,-,cl21455
Cluster-79183.3_Frame-2,PTZ00449,2,108,7.22243e-05,41.9842,NC,PTZ00449
Cluster-70816.90311_Frame+2,STKc_PKB,167,488,0,635.55,-,cd05571
Cluster-70816.90311_Frame+2,PH_PKB,10,114,4.61245e-59,190.151,-,cd01241
Cluster-70816.32050_Frame-1,PTZ00158,1,128,4.6377e-92,261.577,-,PTZ00158
Cluster-70816.101476_Frame-2,CUB,513,631,5.28499e-29,112.121,-,cd00041
Cluster-70816.101476_Frame-2,CUB,634,749,4.26054e-28,109.809,-,cd00041
Cluster-70816.101476_Frame-2,CUB,398,504,2.19782e-27,107.498,-,cd00041
Cluster-70816.101476_Frame-2,CUB,1005,1140,1.01368e-22,94.4014,-,cd00041
Cluster-70816.101476_Frame-2,CUB,32,147,1.18213e-20,88.2382,-,cd00041
Cluster-70816.101476_Frame-2,CUB,752,860,1.58202e-20,88.2382,-,cd00041
Cluster-70816.101476_Frame-2,CUB,868,989,1.44876e-19,85.1566,-,cd00041
Cluster-70816.101476_Frame-2,CUB,153,278,1.65979e-19,85.1566,-,cd00041
Cluster-70816.101476_Frame-2,CUB,1254,1367,2.4718e-19,84.7714,-,cd00041
Cluster-70816.101476_Frame-2,CUB,1143,1247,1.08119e-10,60.1186,-,cd00041
Cluster-70816.101477_Frame+1,2OG-FeII_Oxy_4,848,945,5.25812e-37,133.998,-,pfam13661
Cluster-70816.101477_Frame+1,2OG-FeII_Oxy,973,1201,3.78828e-36,137.821,-,cl21496
Cluster-70816.101474_Frame-3,Med15,56,305,0.00448301,38.836,C,pfam09606
Cluster-70816.101475_Frame+3,DUF1682,64,118,9.36442e-07,49.0708,N,pfam07946
Cluster-70816.101472_Frame+1,vigilin_like_KH,253,313,1.69786e-20,85.6412,-,cd02394
Cluster-70816.101472_Frame+1,vigilin_like_KH,719,778,9.9347e-18,77.552,-,cd02394
Cluster-70816.101472_Frame+1,vigilin_like_KH,790,850,1.07077e-15,71.7741,-,cd02394
Cluster-70816.101472_Frame+1,vigilin_like_KH,398,460,1.90385e-15,71.3889,-,cd02394
Cluster-70816.101472_Frame+1,vigilin_like_KH,324,383,2.65261e-15,70.6185,-,cd02394
Cluster-70816.101472_Frame+1,vigilin_like_KH,636,697,1.03961e-14,69.0777,-,cd02394
Cluster-70816.101472_Frame+1,vigilin_like_KH,108,167,3.32048e-14,67.5369,-,cd02394
Cluster-70816.101472_Frame+1,vigilin_like_KH,178,240,4.49364e-14,67.1517,-,cd02394
Cluster-70816.101472_Frame+1,vigilin_like_KH,471,533,2.23229e-12,62.5293,-,cd02394
Cluster-70816.101472_Frame+1,vigilin_like_KH,38,95,9.15041e-11,57.9069,-,cd02394
Cluster-70816.101472_Frame+1,vigilin_like_KH,545,630,2.43264e-10,56.7513,-,cd02394
Cluster-70816.101470_!WTR_Frame+3,PEP_TPR_lipo,10,161,4.33467e-06,47.0004,NC,TIGR02917
Cluster-70816.101479_Frame+2,PTZ00449,133,310,2.63936e-05,48.1474,N,PTZ00449
Cluster-70816.1928_Frame+1,NR_LBD,21,57,0.000607086,36.0496,N,cl11397
Cluster-70816.102386_Frame-3,STKc_MLCK,2395,2644,7.71494e-168,516.393,-,cd14103
Cluster-70816.102386_Frame-3,I-set,1136,1226,2.01294e-23,96.1631,-,pfam07679
Cluster-70816.102386_Frame-3,I-set,1828,1918,8.34774e-22,91.5407,-,pfam07679
Cluster-70816.102386_Frame-3,I-set,1728,1817,1.0855e-21,91.1555,-,pfam07679
Cluster-70816.102386_Frame-3,I-set,456,548,4.2373e-21,89.6147,-,pfam07679
Cluster-70816.102386_Frame-3,I-set,1617,1705,1.36644e-19,85.3775,-,pfam07679
Cluster-70816.102386_Frame-3,I-set,1236,1326,3.68695e-19,84.2219,-,pfam07679
Cluster-70816.102386_Frame-3,I-set,2170,2255,1.14013e-18,82.6811,-,pfam07679
Cluster-70816.102386_Frame-3,I-set,663,751,1.29949e-17,79.5995,-,pfam07679
Cluster-70816.102386_Frame-3,I-set,1347,1439,2.54387e-17,78.8291,-,pfam07679
Cluster-70816.102386_Frame-3,I-set,1929,2025,7.00206e-17,77.6735,-,pfam07679
Cluster-70816.102386_Frame-3,I-set,559,649,1.63346e-16,76.5179,-,pfam07679
Cluster-70816.102386_Frame-3,FN3,903,994,2.25762e-16,76.3811,-,cd00063
Cluster-70816.102386_Frame-3,FN3,2259,2352,3.63766e-16,75.6107,-,cd00063
Cluster-70816.102386_Frame-3,I-set,1462,1551,2.8228e-14,70.3547,-,pfam07679
Cluster-70816.102386_Frame-3,I-set,773,863,3.67212e-14,69.9695,-,pfam07679
Cluster-70816.102386_Frame-3,I-set,1010,1099,4.93138e-11,61.1099,-,pfam07679
Cluster-46034.1_!WTR_Frame+2,Periplasmic_Binding_Protein_Type_2,2,31,0.000324788,35.4272,N,cl21456
Cluster-70816.102389_Frame+1,PH,16,122,3.61859e-17,77.974,-,smart00233
Cluster-70816.102389_Frame+1,TPR_MLP1_2,562,658,0.000897908,40.2705,C,pfam07926
Cluster-70816.100707_Frame-3,bZIP,201,251,1.47957e-17,76.347,-,cl21462
Cluster-9757.0_Frame-2,Periplasmic_Binding_Protein_Type_2,7,45,0.00175696,35.0355,N,cl21456
Cluster-70816.100703_Frame-3,CuRO_1_tcLCC2_insect_like,90,205,3.48993e-65,207.006,-,cd13858
Cluster-70816.100703_Frame-3,CuRO_2_tcLCC_insect_like,224,374,1.77815e-53,178.195,-,cd13884
Cluster-70816.100703_Frame-3,Cupredoxin,488,551,1.86714e-09,56.9192,C,cl19115
Cluster-70816.100702_Frame-2,TRAP_beta,7,182,2.44882e-72,216.057,-,pfam05753
Cluster-70816.100709_Frame-3,Euk_Ferritin,62,230,1.32746e-34,121.111,-,cd01056
Cluster-70816.118154_Frame+1,zf-H2C2_2,176,199,1.39078e-05,41.1845,-,pfam13465
Cluster-70816.118154_Frame+1,zf-H2C2_2,148,173,2.8719e-05,40.4141,-,pfam13465
Cluster-70816.118154_Frame+1,zf-C2H2,134,156,0.00151641,35.3556,-,pfam00096
Cluster-70816.118158_!WTR_Frame-1,11beta-HSD1_like_SDR_c,72,330,6.97865e-109,317.991,-,cd05332
Cluster-70816.71647_Frame+3,HSCB_C,1,73,2.58523e-17,68.6669,-,pfam07743
Cluster-70816.127483_Frame+3,SERPIN,52,338,9.50021e-57,188.23,C,cl00137
Cluster-70816.127480_Frame+3,UPF0066,88,211,5.33858e-53,173.413,-,pfam01980
Cluster-70816.79196_!WTR_Frame-2,Peptidase_S49_N,52,113,0.000988102,36.3,NC,pfam08496
Cluster-70816.79190_Frame-1,Rhomboid,184,331,1.25266e-24,98.0629,-,pfam01694
Cluster-70816.79190_Frame-1,EF-hand_7,31,95,0.00203022,36.0945,-,pfam13499
Cluster-70816.79192_!WTR_Frame-2,CLECT,51,168,1.09041e-24,92.2977,-,cd00037
Cluster-70816.79193_Frame+1,LIC,46,331,3.48044e-121,357.486,C,TIGR00860
Cluster-70816.79198_Frame-3,RGS,45,148,1.63594e-11,57.6645,-,smart00315
Cluster-70816.107742_Frame+1,FAM193_C,176,227,1.24807e-12,60.6206,-,pfam15914
Cluster-70816.101899_Frame+3,MFS_SLC46,5,117,0.00131293,38.798,C,cd17386
Cluster-70816.30023_Frame+2,ALS2CR8,3,77,6.95464e-11,60.451,NC,pfam15299
Cluster-70816.30023_Frame+2,Periplasmic_Binding_Protein_Type_1,130,184,0.00430864,38.1635,NC,cl10011
Cluster-70816.30022_Frame-2,CDF,59,297,2.15994e-50,167.783,N,TIGR01297
Cluster-70816.30020_Frame-3,CDF,1,292,1.44814e-70,219.399,-,TIGR01297
Cluster-70816.65719_Frame+1,BTB_POZ_BAB-like,34,117,7.58292e-33,119.192,-,cd18315
Cluster-70816.65719_Frame+1,PAP1,176,286,0.00489807,39.0468,C,pfam08601
Cluster-70816.65719_Frame+1,zf-C2H2_4,425,448,0.00768145,33.762,-,pfam13894
Cluster-64723.0_Frame-1,Lig_chan,1,227,8.65371e-07,48.4391,N,pfam00060
Cluster-70816.65717_Frame-1,Acyl_transf_1,125,441,2.04522e-106,318.63,-,cl08282
Cluster-70816.74266_Frame-2,Pex19,72,310,1.32818e-47,160.897,-,pfam04614
Cluster-70816.74260_!WTR_Frame+1,RMI2,14,79,3.313e-17,70.0586,N,pfam16100
Cluster-83569.6_Frame+2,RTTN_N,17,113,2.11343e-05,40.9878,-,pfam14726
Cluster-70816.69234_Frame-3,PHD_SF,876,920,9.95644e-18,77.901,-,cl22851
Cluster-70816.69234_Frame-3,MBD,354,417,2.09459e-13,66.6143,-,pfam01429
Cluster-70816.69234_Frame-3,TUDOR,94,150,6.11108e-07,47.6537,-,smart00333
Cluster-70816.69234_Frame-3,MBT,26,82,2.55694e-05,44.5478,N,cl17705
Cluster-70816.69234_Frame-3,MDN1,1204,1600,0.00165408,43.4491,N,COG5271
Cluster-70816.69235_Frame-3,PHD_SF,904,948,8.161e-18,78.2862,-,cl22851
Cluster-70816.69235_Frame-3,MBD,354,417,2.16998e-13,66.6143,-,pfam01429
Cluster-70816.69235_Frame-3,TUDOR,94,150,6.20794e-07,47.6537,-,smart00333
Cluster-70816.69235_Frame-3,MBT,26,82,2.59822e-05,44.5478,N,cl17705
Cluster-70816.69235_Frame-3,MDN1,1232,1628,0.001697,43.4491,N,COG5271
Cluster-70816.117682_Frame-3,Nrap_D6,75,202,2.16216e-32,113.17,-,pfam17407
Cluster-70816.117682_Frame-3,Nrap_D5,1,72,5.24738e-05,41.7769,N,pfam17406
Cluster-70816.117680_Frame-1,Sec7,99,281,1.44633e-101,299.785,-,pfam01369
Cluster-70816.117680_Frame-1,PH_GRP1-like,296,413,1.83299e-82,248.768,-,cd01252
Cluster-2887.0_!WTR_Frame-3,DUF2781,1,95,1.21368e-24,89.9185,N,pfam10914
Cluster-70816.166942_Frame-3,Guanylate_cyc,1,184,1.73674e-65,202.855,-,pfam00211
Cluster-70816.77798_Frame+2,HAM1,7,185,1.81128e-78,232.411,-,cd00515
Cluster-4630.0_!WTR_Frame+2,nt_trans,43,86,2.78294e-29,103.871,C,cl00015
Cluster-4630.0_!WTR_Frame+2,tRNA_synt_1c_R2,1,36,9.94829e-21,78.1287,N,pfam04557
Cluster-70816.73954_Frame-2,NPY1,89,338,2.00031e-75,233.762,-,COG2816
Cluster-70816.73955_Frame-2,PTB_CG12581,10,173,5.65303e-114,338.291,-,cd01217
Cluster-70816.73952_Frame+1,PKc_like,97,331,7.80054e-92,275.461,-,cl21453
Cluster-70816.161621_Frame+2,Lig_chan,677,891,1.53352e-25,106.989,-,pfam00060
Cluster-70816.161621_Frame+2,Periplasmic_Binding_Protein_Type_2,441,539,4.33921e-18,84.9296,C,cl21456
Cluster-2370.0_Frame+1,GH3,36,137,5.85778e-15,69.9101,C,pfam03321
Cluster-70816.95199_Frame-1,V-set,40,125,0.00205343,37.439,-,pfam07686
Cluster-70816.95196_Frame-1,SAPS,176,376,1.99806e-45,166.268,N,pfam04499
Cluster-70816.95197_Frame-3,DnaJ,12,74,3.23088e-37,124.893,-,pfam00226
Cluster-70816.95194_Frame+1,PHA03095,66,351,2.08407e-20,93.9359,C,PHA03095
Cluster-70816.95194_Frame+1,SOCS_ASB_like,487,527,1.87188e-09,52.8831,-,cd03716
Cluster-70816.95194_Frame+1,PHA03095,266,458,8.13811e-08,54.6455,C,PHA03095
Cluster-70816.128564_Frame-3,BTB_POZ_BAB-like,30,113,2.25895e-30,112.643,-,cd18315
Cluster-70816.128564_Frame-3,zf-H2C2_2,414,439,1.97915e-06,43.8809,-,pfam13465
Cluster-70816.128564_Frame-3,zf-H2C2_2,442,467,3.19779e-06,43.4957,-,pfam13465
Cluster-70816.128564_Frame-3,zf-H2C2_5,400,424,0.00447695,34.4859,-,pfam13909
Cluster-70816.14118_Frame+3,DEADc_DDX3,1,224,0,526.915,-,cd18051
Cluster-70816.14118_Frame+3,SF2_C_DEAD,229,359,4.54062e-62,198.115,-,cd18787
Cluster-70816.145182_Frame-1,PTZ00449,5,291,1.25855e-05,47.377,N,PTZ00449
Cluster-70816.145185_Frame+2,CryBP1,23,63,0.00566372,32.6812,NC,pfam07029
Cluster-70816.111033_Frame+3,PH-like,1465,1591,1.1784e-54,186.249,-,cl17171
Cluster-70816.111033_Frame+3,RhoGEF,1281,1458,4.35577e-44,158.23,-,cd00160
Cluster-70816.111033_Frame+3,SH3_p47phox_like,1718,1771,4.61498e-18,79.2175,-,cd11856
Cluster-70816.111033_Frame+3,CRAL_TRIO_2,680,803,9.028e-15,72.3221,-,pfam13716
Cluster-70816.111033_Frame+3,SPEC,996,1129,4.4595e-11,64.3892,C,cd00176
Cluster-70816.111033_Frame+3,Retinal,16,237,0.000545469,44.7871,NC,pfam15449
Cluster-70816.131470_!WTR_Frame-1,2A060601,15,70,6.46359e-11,56.8413,NC,TIGR00917
Cluster-70816.131477_Frame-1,UAA,35,290,2.13904e-87,263.38,N,pfam08449
Cluster-70816.129425_Frame+3,Enkurin,419,510,4.41074e-26,101.807,-,pfam13864
Cluster-70816.66434_Frame-3,AmyAc_bac_euk_AmyA,30,418,0,534.45,-,cd11317
Cluster-70816.66434_Frame-3,Aamy_C,424,512,1.18212e-29,111.176,-,smart00632
Cluster-70816.93920_Frame+3,OCRE_RBM5_like,187,241,2.77995e-30,112.409,-,cd16162
Cluster-70816.93920_Frame+3,G_patch,493,537,1.81542e-12,61.7922,-,smart00443
Cluster-70816.93922_Frame+1,Syja_N,57,347,5.57937e-125,369.57,-,pfam02383
Cluster-70816.93925_Frame+3,PRK12678,54,177,2.14639e-06,47.2059,NC,PRK12678
Cluster-70816.93929_Frame+3,Homeobox_KN,66,105,1.0033e-19,80.6467,-,pfam05920
Cluster-70816.67382_Frame+1,Mesd,35,181,2.71893e-81,237.743,-,pfam10185
Cluster-70816.67380_Frame-1,Scs3p,76,285,3.32421e-17,78.9015,-,pfam10261
Cluster-70816.144272_Frame+1,Hamartin,141,491,8.70948e-06,48.9058,N,pfam04388
Cluster-70816.144272_Frame+1,ChtBD2,93,132,0.00736591,34.727,N,smart00494
Cluster-70816.144272_Frame+1,CBM_14,622,669,0.00823562,34.6934,-,pfam01607
Cluster-70816.144271_Frame+1,7tmA_FMRFamide_R-like,84,384,4.60187e-77,240.998,-,cd14978
Cluster-70816.144277_Frame-2,GH18_chitinase-like,4,196,2.30493e-31,126.905,N,cl10447
Cluster-70816.144277_Frame-2,CBM_14,263,320,2.46912e-10,57.035,-,pfam01607
Cluster-70816.144277_Frame-2,CBM_14,336,392,2.61836e-10,56.6498,-,pfam01607
Cluster-70816.144277_Frame-2,PHA03247,578,1035,2.64072e-05,48.7813,N,PHA03247
Cluster-70816.144276_Frame-1,GH18_chitinase-like,27,527,3.84308e-42,158.877,-,cl10447
Cluster-70816.144276_Frame-1,CBM_14,594,651,1.19265e-10,58.1906,-,pfam01607
Cluster-70816.144276_Frame-1,CBM_14,667,723,1.22816e-10,58.1906,-,pfam01607
Cluster-70816.144276_Frame-1,PHA03247,909,1366,2.04416e-05,49.5517,N,PHA03247
Cluster-70816.144275_Frame-3,GH18_chitinase-like,27,527,3.84308e-42,158.877,-,cl10447
Cluster-70816.144275_Frame-3,CBM_14,594,651,1.19265e-10,58.1906,-,pfam01607
Cluster-70816.144275_Frame-3,CBM_14,667,723,1.22816e-10,58.1906,-,pfam01607
Cluster-70816.144275_Frame-3,PHA03247,909,1366,2.04416e-05,49.5517,N,PHA03247
Cluster-37627.1_Frame-2,Enolase_N,3,133,1.81162e-88,252.665,-,pfam03952
Cluster-37627.0_Frame-1,PLN00191,1,269,0,525.813,N,PLN00191
Cluster-70816.136126_Frame-2,S1_Rrp40,68,153,3.2784e-39,130.842,-,cd05790
Cluster-70816.136126_Frame-2,Rrp4,12,231,2.74157e-30,112.435,-,COG1097
Cluster-70816.90476_Frame+1,C2,1509,1599,9.89966e-09,55.3216,N,cl14603
Cluster-70816.90472_Frame+3,GH18_chitinase-like,31,386,1.10445e-167,482.444,-,cl10447
Cluster-70816.90472_Frame+3,ChtBD2,563,603,5.02959e-11,57.8389,-,smart00494
Cluster-70816.90472_Frame+3,Endomucin,377,534,0.00584573,38.7072,C,pfam07010
Cluster-70816.81056_Frame-3,SPRY_PRY_TRIM67_9,154,324,8.72536e-91,268.34,-,cd12889
Cluster-70816.81056_Frame-3,FN3,68,156,8.63767e-14,65.9807,-,cd00063
Cluster-41947.0_!WTR_Frame+1,RT_like,21,63,3.24153e-08,47.671,C,cl02808
Cluster-70816.69181_Frame-3,nt_trans,161,271,8.3993e-43,142.804,C,cl00015
Cluster-70816.69184_Frame+1,NPR3,70,417,1.89114e-42,157.759,-,pfam03666
Cluster-70816.48594_Frame+3,COG5048,441,703,8.90434e-05,45.457,C,COG5048
Cluster-70816.48590_Frame-1,Periplasmic_Binding_Protein_Type_2,48,360,4.5721e-17,82.4301,-,cl21456
Cluster-70816.108824_Frame+2,Herpes_BLLF1,230,360,4.3273e-14,75.7232,NC,pfam05109
Cluster-70816.108824_Frame+2,PWI,1,31,1.87806e-10,56.7343,N,pfam01480
Cluster-70816.108824_Frame+2,InfB,136,319,0.000288942,43.6849,C,cl30717
Cluster-70816.140379_Frame-1,7tmA_AKHR,118,403,2.61207e-145,418.638,-,cd15382
Cluster-70816.97129_Frame-2,Ank_2,594,656,2.89857e-08,51.6458,C,pfam12796
Cluster-70816.97129_Frame-2,ANKYR,142,311,0.00145034,40.9631,N,COG0666
Cluster-70816.97128_!WTR_Frame-3,Ank_2,316,378,1.46483e-08,52.4162,C,pfam12796
Cluster-70816.59450_!WTR_Frame-3,PLN03192,20,46,1.22074e-07,46.0146,NC,PLN03192
Cluster-70816.59455_Frame-1,P_C10,13,82,2.88076e-10,51.8978,-,pfam14974
Cluster-70816.51683_Frame+1,synapt_SV2,27,463,8.25754e-84,273.006,N,TIGR01299
Cluster-70816.51680_Frame+1,ChtBD2,162,206,0.00360429,34.3418,-,smart00494
Cluster-70816.136100_!WTR_Frame+2,HAD_like,1,434,0,608.63,N,cl21460
Cluster-13351.0_Frame+2,PLN03226,45,192,1.32003e-104,308.449,C,PLN03226
Cluster-8452.0_Frame-2,SRA1,1,34,1.94614e-17,69.4236,N,pfam07304
Cluster-70816.146645_Frame-1,uL30_euk,3,171,1.55197e-86,253.438,-,TIGR01310
Cluster-70816.146649_Frame+3,MFS_GLUT6_8_Class3_like,2,305,1.88333e-64,210.509,N,cd17358
Cluster-70816.83955_Frame+2,Med15,406,683,0.000537092,44.614,C,pfam09606
Cluster-70816.83955_Frame+2,PRK12678,752,898,0.00176004,42.9687,C,PRK12678
Cluster-70816.83955_Frame+2,2A1904,958,1159,0.00204721,43.0604,NC,TIGR00927
Cluster-70816.83955_Frame+2,Udk,1668,1713,0.00216868,41.4987,C,COG0572
Cluster-70816.83954_Frame+1,NBD_sugar-kinase_HSP70_actin,3,533,2.49105e-19,90.5584,N,cl17037
Cluster-70816.83957_Frame-1,COG5048,52,175,2.24266e-05,43.531,N,COG5048
Cluster-70816.83951_Frame-2,DLIC,22,448,0,627.652,-,pfam05783
Cluster-70816.83953_Frame+1,ACTIN,33,257,9.63886e-34,129.685,C,smart00268
Cluster-70816.83953_Frame+1,racA,311,391,0.0078839,36.9526,N,PRK13182
Cluster-1818.0_Frame-1,SPFH_prohibitin,1,116,1.49407e-51,163.453,N,cd03401
Cluster-70816.105700_Frame+1,metallo-dependent_hydrolases,7,221,2.53904e-37,132.497,C,cl00281
Cluster-70816.105701_Frame+3,PLN02413,75,286,2.47096e-92,277.982,-,PLN02413
Cluster-70816.9489_Frame+2,Ribosomal_L14,1,70,3.09554e-48,148.333,N,cl00328
Cluster-70816.9482_Frame-2,CYCc,408,563,6.20346e-69,220.592,C,smart00044
Cluster-70816.9482_Frame-2,NIT,121,350,5.91918e-14,71.3562,-,pfam08376
Cluster-70816.102288_!WTR_Frame-2,PRK12438,29,75,0.00821603,32.9113,N,PRK12438
Cluster-53518.0_Frame-1,HTH_29,4,51,1.61029e-07,43.7701,-,pfam13551
Cluster-70816.102285_Frame-3,MDN1,189,456,2.13848e-07,53.8495,N,COG5271
Cluster-70816.102287_Frame+2,F-BAR_PACSIN,17,272,1.72936e-142,407.856,-,cd07655
Cluster-70816.102287_Frame+2,SH3_PACSIN,400,452,4.27801e-31,113.283,-,cd11843
Cluster-70816.102280_Frame+2,ER,3,100,4.06637e-71,206.223,-,pfam01133
Cluster-70816.102283_Frame+3,DSRM,133,199,2.68545e-20,83.0906,-,cd00048
Cluster-70816.102283_Frame+3,DSRM,31,79,8.94458e-11,56.8876,C,smart00358
Cluster-70816.102283_Frame+3,Staufen_C,278,341,2.0642e-05,42.9144,N,pfam16482
Cluster-70816.102283_Frame+3,M3A_DCP,217,300,0.00830022,37.8207,C,cd06456
Cluster-70816.109524_Frame-1,P-ATPase-V,50,1056,0,747.652,-,TIGR01657
Cluster-70816.147801_Frame-1,CLECT,78,212,2.4065e-18,77.2549,-,smart00034
Cluster-70816.100620_Frame-3,RGS_R7-like,339,459,7.22246e-67,210.172,-,cd08705
Cluster-70816.100620_Frame-3,DEP_RGS7-like,44,131,4.40596e-38,133.955,-,cd04450
Cluster-70816.100620_Frame-3,GGL,267,326,2.37471e-13,64.6054,-,smart00224
Cluster-70816.100621_Frame+3,Ribosomal_S30,73,130,1.236e-26,93.8528,-,pfam04758
Cluster-70816.100621_Frame+3,Ubl_FUBI,1,72,6.4824e-15,64.6107,-,cd01793
Cluster-70816.100624_Frame+1,Beta_elim_lyase,24,427,0,697.478,-,cl18945
Cluster-70816.152689_!WTR_Frame-3,DD,38,71,0.0059523,32.6917,C,cl14633
Cluster-70816.152686_Frame+1,Sulfotransfer_2,120,353,1.44746e-41,144.858,-,pfam03567
Cluster-70816.134970_!WTR_Frame+1,zf-H2C2_2,42,66,8.33286e-06,38.8733,-,pfam13465
Cluster-70816.134970_!WTR_Frame+1,zf-H2C2_5,56,81,0.000639431,33.7155,-,pfam13909
Cluster-70816.134970_!WTR_Frame+1,zf-C2H2,28,50,0.0039661,31.8888,-,pfam00096
Cluster-70816.18875_Frame-3,Homeobox,48,104,1.98799e-12,57.116,-,pfam00046
Cluster-4671.0_Frame-1,MBF1,9,78,4.74715e-25,90.7545,-,pfam08523
Cluster-4671.0_Frame-1,aMBF1,79,141,8.16987e-12,58.9869,N,cl26727
Cluster-70816.10321_Frame+3,Periplasmic_Binding_Protein_Type_2,330,411,7.66255e-14,70.8656,C,cl21456
Cluster-70816.100184_Frame+2,PLN03113,404,1150,0,714.837,-,PLN03113
Cluster-70816.100184_Frame+2,PTZ00108,11,188,1.44093e-07,55.8228,N,PTZ00108
Cluster-70816.107392_Frame-2,Voldacs,314,389,0.00130954,40.0794,N,pfam03517
Cluster-70816.107396_Frame+2,BTB_POZ_BAB-like,30,113,1.30246e-31,116.11,-,cd18315
Cluster-70816.107396_Frame+2,zf-H2C2_2,422,445,6.38615e-05,39.6437,-,pfam13465
Cluster-70816.107396_Frame+2,zf-H2C2_5,435,460,0.000163111,38.3378,-,pfam13909
Cluster-70816.107396_Frame+2,zf-H2C2_5,407,431,0.00828154,33.7155,-,pfam13909
Cluster-70816.130966_Frame-1,DUF155,42,127,7.76695e-10,55.4366,C,cl00751
Cluster-70816.105694_Frame+1,Tryp_SPc,168,410,9.8836e-72,225.233,-,cd00190
Cluster-70816.139365_Frame-2,RT_like,1,67,1.84125e-12,58.3757,NC,cl02808
Cluster-70816.105690_Frame+1,PTZ00187,20,162,1.71036e-83,248.091,C,PTZ00187
Cluster-70816.132009_Frame+2,Tryp_SPc,750,966,4.60773e-27,110.444,-,cl21584
Cluster-70816.132009_Frame+2,CRD_FZ,415,539,3.72336e-23,95.2662,-,cd07066
Cluster-70816.132009_Frame+2,SEA,252,324,3.81925e-08,51.8718,C,pfam01390
Cluster-70816.132009_Frame+2,LDLa,572,607,7.90614e-08,48.7422,-,cd00112
Cluster-70816.132009_Frame+2,LDLa,553,569,0.00194211,36.4158,N,cd00112
Cluster-70816.139366_Frame+3,RNase_H_like,3,31,4.86122e-05,37.0869,N,cl14782
Cluster-70816.115112_Frame+1,PHA03247,133,450,1.28467e-08,59.1817,N,PHA03247
Cluster-70816.115112_Frame+1,PTZ00121,393,677,4.57694e-06,50.9099,NC,PTZ00121
Cluster-70816.13106_Frame-3,DUF3300,62,136,0.00569877,35.332,N,pfam11737
Cluster-70816.13103_Frame-1,PTPc,28,230,1.66068e-29,109.297,-,cd00047
Cluster-70816.13102_Frame+1,PTPc,2,180,1.16282e-58,183.641,-,cd00047
Cluster-70816.13101_Frame-1,PTPc,28,230,1.66068e-29,109.297,-,cd00047
Cluster-70816.33200_Frame+2,RT_like,35,71,4.35005e-06,41.5078,C,cl02808
Cluster-5810.0_Frame+3,Myosin_tail_1,9,121,1.69928e-09,54.0262,NC,pfam01576
Cluster-5938.0_Frame-1,WD40,11,62,7.78238e-07,47.7148,N,cl29593
Cluster-5938.0_Frame-1,WD40,11,183,2.97752e-05,43.5387,N,COG2319
Cluster-70816.114823_Frame-2,WD40,3,310,2.22964e-19,86.2348,-,cl29593
Cluster-70816.111987_Frame+2,PLN02856,1,418,0,711.078,-,PLN02856
Cluster-70816.111985_Frame+1,LRR,5,117,1.8254e-11,65.3746,NC,COG4886
Cluster-1535.0_Frame+2,SYF2,51,131,1.25411e-27,99.1857,C,pfam08231
Cluster-70816.111981_Frame-2,Nrap_D2,354,494,6.1809e-37,135.772,-,pfam17403
Cluster-70816.111981_Frame-2,Nrap_D3,497,662,3.63158e-36,133.883,-,pfam17404
Cluster-70816.111981_Frame-2,Nrap_D4,690,878,4.09982e-36,134.629,-,pfam17405
Cluster-70816.111981_Frame-2,Nrap,209,341,4.8062e-22,93.0152,-,pfam03813
Cluster-70816.111980_Frame-2,Nrap_D5,884,1051,7.85332e-50,173.13,-,pfam17406
Cluster-70816.111980_Frame-2,Nrap_D2,354,494,1.16314e-37,138.083,-,pfam17403
Cluster-70816.111980_Frame-2,Nrap_D4,690,881,1.35334e-36,136.17,-,pfam17405
Cluster-70816.111980_Frame-2,Nrap_D3,497,662,4.1412e-36,133.883,-,pfam17404
Cluster-70816.111980_Frame-2,Nrap,209,341,1.11145e-21,92.2448,-,pfam03813
Cluster-70816.149220_Frame+3,TFR_dimer,35,146,5.01253e-19,76.9021,-,pfam04253
Cluster-70816.121413_Frame+2,ABC_ATPase,1,145,3.95993e-70,215.061,N,cl25403
Cluster-70816.125982_Frame+3,XAP5,4,122,1.72075e-81,238.701,N,pfam04921
Cluster-70816.125983_Frame+3,XAP5,110,336,1.17389e-123,354.646,-,pfam04921
Cluster-70816.125985_Frame+3,XAP5,110,218,1.76181e-36,127.763,C,pfam04921
Cluster-70816.125986_Frame+1,CBFD_NFYB_HMF,49,113,2.13725e-29,103.061,-,pfam00808
Cluster-70816.158025_Frame-2,BTB2_POZ_RHOBTB2,7,110,9.88393e-57,171.34,-,cd18359
Cluster-70816.141295_Frame+3,Enpp,49,411,1.17994e-100,310.671,-,cd16018
Cluster-70816.141295_Frame+3,NUC,502,743,1.47352e-12,67.7802,-,cl00089
Cluster-72866.0_Frame+2,Lig_chan,39,135,1.27116e-11,60.3803,C,pfam00060
Cluster-70816.72924_Frame-3,SLX9,35,148,3.54526e-09,51.4617,-,pfam15341
Cluster-70816.72925_Frame-2,SLX9,88,168,2.81673e-06,44.1429,C,pfam15341
Cluster-70816.122065_Frame+2,CLECT,37,155,1.5598e-16,71.0917,-,smart00034
Cluster-70816.111905_Frame+3,PRK10263,299,453,0.000498196,44.6907,NC,PRK10263
Cluster-70816.84277_!WTR_Frame+1,HMG-box,46,57,3.8107e-05,36.8926,C,cl00082
Cluster-70816.84278_Frame-1,PTZ00421,649,1121,8.27173e-67,233.632,-,PTZ00421
Cluster-70816.84278_Frame-1,PTZ00421,30,383,1.9142e-57,206.668,C,PTZ00421
Cluster-70816.94644_!WTR_Frame+2,ISOPREN_C2_like,2,85,1.33825e-42,141.648,N,cl08267
Cluster-70816.115187_Frame-3,CBM_14,267,313,4.23149e-09,51.6422,-,pfam01607
Cluster-33741.0_Frame+1,HSP90,1,59,6.46615e-24,92.2206,NC,pfam00183
Cluster-13757.0_Frame+3,Zeta-COP,14,145,3.59786e-82,238.599,-,cd14829
Cluster-86059.0_Frame+1,SSL1,2,49,0.00129332,33.8172,N,COG5151
Cluster-31049.0_Frame+2,HTH_28,15,61,1.49964e-05,39.4633,-,pfam13518
Cluster-70816.85674_Frame+1,BTB_POZ_BAB-like,30,113,2.6513e-29,108.406,-,cd18315
Cluster-70816.85674_Frame+1,zf-H2C2_2,321,346,1.43814e-05,41.1845,-,pfam13465
Cluster-70816.79015_Frame+2,LRR,47,352,5.71781e-35,138.948,N,COG4886
Cluster-70816.79015_Frame+2,PDZ_signaling,1152,1243,8.57541e-22,90.7038,-,cd00992
Cluster-70816.79015_Frame+2,PDZ_signaling,680,763,1.77917e-21,89.9334,-,cd00992
Cluster-70816.79015_Frame+2,PDZ_signaling,869,951,3.8917e-20,86.0814,-,cd00992
Cluster-70816.79015_Frame+2,PDZ_signaling,1251,1342,6.64746e-20,85.311,-,cd00992
Cluster-70816.85673_Frame+1,BTB_POZ_BAB-like,30,113,6.46049e-29,108.406,-,cd18315
Cluster-70816.85673_Frame+1,PHA03307,115,366,0.00216129,40.5397,C,PHA03307
Cluster-4752.0_!WTR_Frame-1,PTZ00449,3,57,8.85018e-06,40.4434,NC,PTZ00449
Cluster-70816.85671_Frame-3,PKc_like,113,237,2.62838e-103,301.841,C,cl21453
Cluster-70816.85671_Frame-3,Tim54,67,128,0.00979329,36.3661,NC,pfam11711
Cluster-70816.153679_Frame-2,Ig_3,85,158,0.000100063,40.2079,-,pfam13927
Cluster-70816.153679_Frame-2,Ig,2,64,0.0011316,37.4929,N,cl11960
Cluster-70816.4556_Frame+1,7tmA_FMRFamide_R-like,61,357,5.31525e-66,211.337,-,cd14978
Cluster-70816.4555_Frame-2,AD,41,128,5.16365e-34,114.323,-,smart00995
Cluster-70816.4555_Frame-2,Sm_like,1,30,2.151e-14,63.1474,N,cl00259
Cluster-70816.58250_Frame-2,EGF_CA,7,43,1.10574e-10,53.4094,-,cd00054
Cluster-70816.58254_Frame+1,LSm8,2,92,1.35549e-47,146.517,-,cd01727
Cluster-70816.78768_Frame+1,Peptidase_C19,409,763,8.54874e-54,185.808,-,cl02553
Cluster-70816.78768_Frame+1,CAP_GLY,288,356,8.53052e-18,78.0108,-,smart01052
Cluster-70816.78768_Frame+1,CAP_GLY,24,94,1.08773e-09,54.7397,-,pfam01302
Cluster-70816.96548_Frame-1,HLH,51,108,1.41936e-10,54.9127,-,cd00083
Cluster-70816.49932_Frame+2,PLN02270,31,764,0,697.464,-,PLN02270
Cluster-9550.0_!WTR_Frame+2,KR,14,49,9.45439e-17,68.571,N,cl00100
Cluster-9550.0_!WTR_Frame+2,KR,81,104,1.00718e-06,42.7626,C,cl00100
Cluster-70816.95018_Frame+2,HCNGP,123,214,7.30159e-38,128.793,-,pfam07818
Cluster-70816.120039_Frame+1,DEXQc_SHPRH,310,518,1.78081e-76,253.806,-,cd18070
Cluster-70816.120039_Frame+1,SF2_C_SNF,1130,1255,1.11972e-39,143.771,-,cd18793
Cluster-70816.120039_Frame+1,RING_Ubox,1053,1103,1.25032e-22,92.0354,-,cl17238
Cluster-70816.120039_Frame+1,PHD_SHPRH,273,321,2.18324e-16,73.984,-,cd15547
Cluster-70816.95011_Frame+3,MFS_SLC45_SUC,4,448,7.46279e-41,150.855,N,cd17313
Cluster-70816.95017_Frame+2,DnaJ,1,121,4.59528e-31,107.355,-,cl02542
Cluster-70816.95016_Frame+3,AdoHcyase,115,540,0,853.701,-,pfam05221
Cluster-70816.95015_Frame+3,metallo-dependent_hydrolases,7,410,0,551.51,-,cl00281
Cluster-70816.122894_Frame-1,VPS13_mid_rpt,164,397,8.09421e-65,214.276,-,pfam16910
Cluster-70816.122893_Frame-2,MRS6,1,985,3.04421e-84,309.891,C,COG5043
Cluster-70816.122893_Frame-2,SHR-BD,2324,2588,5.34128e-27,112.78,-,pfam06650
Cluster-70816.122893_Frame-2,VPS13_mid_rpt,1200,1295,0.00772429,40.5513,N,pfam16910
Cluster-70816.122890_Frame+3,PLN03130,95,1433,0,908.731,-,PLN03130
Cluster-70816.123335_!WTR_Frame-1,Periplasmic_Binding_Protein_Type_2,1,291,1.75995e-91,277.319,N,cl21456
Cluster-81964.0_Frame-1,TM_PBP2,9,69,0.00340901,34.8974,C,cl00427
Cluster-70816.73853_!WTR_Frame-3,COQ7,24,192,2.68947e-107,304.422,-,pfam03232
Cluster-70816.73852_Frame+2,WD40,446,755,4.07336e-45,163.275,-,cd00200
Cluster-70816.73852_Frame+2,PHA02666,62,319,0.000637665,42.23,-,PHA02666
Cluster-70816.130662_!WTR_Frame-3,Peptidase_C48,13,92,8.56255e-21,84.5155,N,cl23802
Cluster-70816.73859_Frame-1,Tryp_SPc,1651,1882,1.86186e-31,123.942,-,smart00020
Cluster-70816.73859_Frame-1,LDLa,1419,1456,5.87703e-11,58.7574,-,cd00112
Cluster-70816.73859_Frame-1,LDLa,1460,1494,8.55676e-10,55.2906,-,cd00112
Cluster-70816.73859_Frame-1,LDLa,1376,1414,2.34297e-09,54.135,-,cd00112
Cluster-70816.73859_Frame-1,LDLa,1337,1376,1.53307e-08,51.8238,-,cd00112
Cluster-70816.73859_Frame-1,SEA,436,500,4.53537e-06,46.8642,C,pfam01390
Cluster-70816.73859_Frame-1,LDLa,1500,1531,3.13912e-05,42.579,-,cd00112
Cluster-70816.73859_Frame-1,SRCR_2,1550,1633,0.000699126,40.4179,-,cl02509
Cluster-70816.73859_Frame-1,PHA03255,610,734,0.000864931,42.9686,C,PHA03255
Cluster-70816.73859_Frame-1,PRK08026,674,864,0.000872702,43.963,NC,PRK08026
Cluster-70816.73859_Frame-1,DUF2457,145,222,0.000998157,43.816,NC,pfam10446
Cluster-70816.13966_Frame+2,fn3,12,97,3.11665e-12,56.6452,-,pfam00041
Cluster-1331.0_Frame-2,RING-HC_UHRF,169,213,2.68643e-29,104.015,-,cd16613
Cluster-1331.0_Frame-2,SAD_SRA,2,46,1.2823e-21,87.185,N,pfam02182
Cluster-70816.145068_Frame+2,Ubl_KPC2,43,139,0.000101411,39.4681,-,cd17066
Cluster-70816.118350_Frame-3,nitrilase,4,209,2.46589e-69,221.734,N,cl11424
Cluster-5097.2_!WTR_Frame+2,PLN00085,2,34,2.40635e-09,48.1882,NC,PLN00085
Cluster-70816.91669_Frame-3,Fez1,221,376,7.00897e-39,137.359,-,pfam06818
Cluster-70816.91669_Frame-3,APG6,122,269,8.85773e-06,47.169,C,pfam04111
Cluster-70816.152558_Frame+1,Chitin_bind_4,46,93,3.94805e-05,37.6207,-,pfam00379
Cluster-99797.2_!WTR_Frame+2,Spec3,328,350,0.000241099,39.0916,C,pfam15795
Cluster-70816.70643_Frame+3,FERM_F0_SHANK,29,112,3.45222e-48,164.317,-,cd17091
Cluster-70816.70643_Frame+3,PDZ_signaling,589,680,2.11609e-19,82.9998,-,cd00992
Cluster-70816.70643_Frame+3,SH3,491,543,1.87095e-15,70.9405,-,cl17036
Cluster-70816.70643_Frame+3,PHA03095,131,337,2.83983e-13,72.7499,C,PHA03095
Cluster-70816.70643_Frame+3,Peptidase_M50,623,745,0.000673859,42.0716,NC,pfam02163
Cluster-70816.126156_!WTR_Frame+3,PRK01259,7,85,4.5099e-29,105.2,N,PRK01259
Cluster-70816.126157_Frame+1,PrsA,1,234,4.09759e-129,367.683,C,COG0462
Cluster-70816.90533_Frame-1,SDR,2,195,3.24045e-68,210.135,N,cl25409
Cluster-70816.90530_Frame+3,DEXQc_SRCAP,1882,2104,4.63029e-168,516.135,-,cd18003
Cluster-70816.90530_Frame+3,SF2_C_SNF,2695,2827,1.00502e-60,205.018,-,cd18793
Cluster-70816.90530_Frame+3,PHA03247,2244,2494,0.0001239,48.0109,N,PHA03247
Cluster-70816.90536_!WTR_Frame+3,Sulfotransfer_3,71,261,6.93613e-73,225.71,-,pfam13469
Cluster-70816.90535_Frame-3,MFS_MCT_SLC16,80,260,3.80366e-66,222.428,C,cd17352
Cluster-70816.90535_Frame-3,MFS_MCT_SLC16,510,692,6.89953e-49,175.434,N,cd17352
Cluster-70816.90534_Frame-2,COG3177,240,424,2.60663e-32,127.566,C,COG3177
Cluster-70816.61419_Frame-2,Carn_acyltransf,94,530,2.69518e-110,339.899,C,pfam00755
Cluster-70816.135335_Frame-3,SMC_prok_A,7,149,0.00012943,43.5179,NC,TIGR02169
Cluster-70816.130639_Frame+3,DUF4503,882,1256,4.72701e-26,112.031,-,pfam14951
Cluster-70816.130639_Frame+3,DUF4502,455,538,2.60425e-05,47.9533,NC,pfam14950
Cluster-70816.130884_Frame-3,PAN_AP_HGF,49,124,1.91105e-18,80.5916,-,cd01099
Cluster-70816.130884_Frame-3,Zona_pellucida,608,848,6.53805e-15,75.501,-,cl27758
Cluster-70816.130884_Frame-3,PAN_AP_HGF,436,512,1.60128e-10,57.8649,-,cd01099
Cluster-70816.130884_Frame-3,PAN_AP_HGF,529,594,2.44149e-07,49.0053,-,cd01099
Cluster-70816.69220_Frame-3,MCM_bind,36,435,3.65997e-144,423.19,C,pfam09739
Cluster-70816.86324_Frame-3,Motor_domain,207,544,3.08642e-43,158.958,-,cl22853
Cluster-70816.152550_Frame+1,Chitin_bind_4,68,108,0.000214636,36.0799,C,pfam00379
Cluster-70816.16718_Frame+3,Ax_dynein_light,64,251,1.65632e-52,168.495,-,pfam10211
Cluster-70816.45595_!WTR_Frame+1,RT_like,48,97,0.00529179,34.189,C,cl02808
Cluster-70816.45593_Frame+1,ARL2_Bind_BART,27,127,9.34711e-29,101.463,-,pfam11527
Cluster-70816.45592_Frame+3,ARL2_Bind_BART,27,127,9.34711e-29,101.463,-,pfam11527
Cluster-70816.106356_Frame-1,PTZ00121,186,621,4.35106e-11,66.3179,N,PTZ00121
Cluster-70816.106357_Frame-2,2A0303,4,586,0,581.389,-,TIGR00906
Cluster-70816.106357_Frame-2,PTZ00341,654,878,1.13593e-05,49.3995,NC,PTZ00341
Cluster-70816.152552_Frame+1,Chitin_bind_4,46,90,8.98579e-05,37.2355,-,pfam00379
Cluster-70816.152555_Frame+1,Chitin_bind_4,39,86,1.51699e-06,41.0875,-,pfam00379
Cluster-70816.155845_Frame-2,CLECT,1037,1155,4.09423e-27,106.935,-,cd00037
Cluster-70816.155845_Frame-2,CLECT,317,443,3.37017e-26,104.989,-,smart00034
Cluster-70816.155845_Frame-2,CLECT,1323,1436,9.86586e-25,100.387,-,cd00037
Cluster-70816.155845_Frame-2,CLECT,1174,1295,1.06577e-24,100.367,-,smart00034
Cluster-70816.155845_Frame-2,CLECT,878,1004,4.18582e-24,98.8261,-,smart00034
Cluster-70816.155845_Frame-2,CLECT,449,577,2.83055e-23,96.5149,-,smart00034
Cluster-70816.155845_Frame-2,CLECT,586,715,1.57651e-22,94.2037,-,smart00034
Cluster-70816.155845_Frame-2,CLECT,730,856,3.12022e-20,87.6553,-,smart00034
Cluster-70816.155845_Frame-2,CLECT,33,146,5.42459e-20,86.8849,-,smart00034
Cluster-70816.155845_Frame-2,CLECT,181,299,4.19817e-18,81.5121,-,cd00037
Cluster-70816.155845_Frame-2,CLECT,1452,1525,2.55789e-08,53.7578,C,smart00034
Cluster-70816.103454_Frame-1,NADB_Rossmann,1,94,5.1483e-18,77.1324,NC,cl21454
Cluster-70816.103455_Frame+2,TH1,2,263,5.69886e-162,461.118,N,pfam04858
Cluster-70816.103453_!WTR_Frame+2,zf-Tim10_DDP,12,74,8.43477e-19,72.5581,-,pfam02953
Cluster-70816.103458_Frame+1,zf-TRAF_2,32,123,6.03333e-37,132.445,-,pfam15965
Cluster-70816.103458_Frame+1,F-box,560,620,5.71886e-23,93.8312,C,cl02535
Cluster-70816.129312_Frame-3,MFS_MCT_SLC16,148,642,4.18479e-54,188.53,-,cd17352
Cluster-1472.0_Frame+3,ADPRase_NUDT5,59,133,9.48973e-28,99.1013,C,cd03424
Cluster-70816.97227_Frame-1,SURF4,5,270,3.68313e-133,376.738,-,pfam02077
Cluster-70816.152538_!WTR_Frame+1,ALP_like,1,126,3.73537e-33,123.311,N,cl23718
Cluster-70816.152556_Frame+1,Chitin_bind_4,46,86,0.00210079,32.9983,C,pfam00379
Cluster-70816.71109_Frame-3,SERPIN,1,151,9.21915e-45,149.638,N,cl00137
Cluster-70816.102327_Frame+2,Motor_domain,4,361,3.72612e-167,492.638,-,cl22853
Cluster-70816.102327_Frame+2,Kinesin_assoc,358,483,1.84332e-06,49.0948,-,pfam16183
Cluster-70816.102327_Frame+2,FHA,460,556,6.10283e-05,42.7586,-,cd00060
Cluster-70816.102327_Frame+2,C2,777,854,0.00150349,38.8361,C,pfam00168
Cluster-70816.102327_Frame+2,KIF1B,668,709,0.00226971,36.745,-,pfam12423
Cluster-70816.102325_Frame-3,LIM,249,300,2.44781e-23,92.0503,-,cl02475
Cluster-70816.102325_Frame-3,PDZ_signaling,3,84,2.61068e-20,84.5406,-,cd00992
Cluster-70816.102325_Frame-3,DUF4749,143,213,2.00016e-15,71.2363,C,pfam15936
Cluster-70816.102324_Frame-3,LIM3_Enigma_like_1,168,221,5.67213e-29,103.014,-,cd09461
Cluster-70816.102324_Frame-3,LIM,48,101,3.48123e-22,85.5856,-,cl02475
Cluster-70816.102324_Frame-3,LIM,109,160,1.07238e-11,57.8728,-,cl02475
Cluster-70816.102321_Frame+1,HECTc,2568,2863,2.71199e-111,357.699,-,cl27008
Cluster-70816.102321_Frame+1,ZnF_UBR1,1103,1170,7.9292e-25,99.8228,-,smart00396
Cluster-70816.102321_Frame+1,E3_UbLigase_EDD,138,184,7.44733e-24,96.4021,-,pfam11547
Cluster-70816.102321_Frame+1,PABP,2486,2538,3.47253e-20,86.3496,N,pfam00658
Cluster-70816.102321_Frame+1,DMP1,1521,1664,0.00576905,41.7795,N,pfam07263
Cluster-70816.102320_Frame-3,Guanylate_kin,258,439,3.79811e-59,193.366,-,pfam00625
Cluster-70816.102320_Frame-3,SH3_CACNB,118,179,1.49932e-40,139.72,-,cd11863
Cluster-70816.102320_Frame-3,VGCC_beta4Aa_N,50,88,4.27633e-19,80.2187,-,pfam12052
Cluster-70816.102329_Frame-2,DEADc_DDX6,57,257,2.93664e-137,391.661,-,cd17940
Cluster-70816.102329_Frame-2,PRK01297,8,416,5.65356e-64,213.235,-,PRK01297
Cluster-70816.76423_Frame+1,MACPF,213,261,0.00586558,37.4124,C,cl02616
Cluster-10252.6_!WTR_Frame+1,Ig_3,104,170,0.000109465,38.6671,C,pfam13927
Cluster-10252.5_Frame-3,Ku,18,69,0.00233887,34.8775,N,pfam02735
Cluster-70816.42024_Frame+1,RT_like,10,47,6.57103e-07,43.0486,C,cl02808
Cluster-45550.0_Frame-3,RT_like,4,31,0.00400686,32.6482,NC,cl02808
Cluster-70816.161819_Frame-1,Mab-21,120,279,0.00499283,38.0002,C,pfam03281
Cluster-70816.13005_Frame-3,Sulfotransfer_1,59,279,1.2912e-45,155.188,C,pfam00685
Cluster-70816.119408_Frame-2,zf-C2HC_2,515,538,3.53023e-07,46.0159,-,pfam13913
Cluster-70816.119408_Frame-2,zf-C2HC_2,389,413,1.30998e-06,44.4751,-,pfam13913
Cluster-70816.119408_Frame-2,zf-C2HC_2,323,346,0.000173881,38.6971,-,pfam13913
Cluster-70816.119408_Frame-2,zf-C2HC_2,443,466,0.000283932,37.9267,-,pfam13913
Cluster-70816.76424_Frame-1,Enkurin,160,258,8.97169e-15,67.9097,-,pfam13864
Cluster-70816.159205_Frame-3,WD40,13,128,8.13878e-06,45.7888,N,cl29593
Cluster-70816.159209_!WTR_Frame+1,Ribosomal_P1,6,63,2.63358e-30,103.941,C,cd05831
Cluster-92018.0_!WTR_Frame+1,PRK15313,37,115,1.56543e-06,45.175,NC,PRK15313
Cluster-70816.13009_Frame-1,PLN00220,1,260,0,560.596,C,PLN00220
Cluster-70816.100585_Frame-3,PLN02284,36,381,0,543.516,-,PLN02284
Cluster-70816.163237_Frame-2,HECTc,222,604,1.9361e-152,442.389,-,cd00078
Cluster-70816.152524_!WTR_Frame-1,CLECT,38,77,0.000134398,37.2756,N,cl02432
Cluster-70816.126865_Frame+3,TPT,57,251,4.45229e-06,47.2842,N,cl26744
Cluster-70816.152520_Frame-2,Chitin_bind_4,43,93,3.17658e-09,49.1767,-,pfam00379
Cluster-13340.0_Frame+1,Ribosomal_L6,1,191,3.63136e-83,243.907,-,cl30086
Cluster-70816.152523_Frame+1,Aldose_epim,16,48,0.00323997,33.633,NC,cl14648
Cluster-70816.76426_!WTR_Frame+2,RING_Ubox,42,92,1.99455e-11,53.6203,-,cl17238
Cluster-70816.35532_Frame+2,COG5048,60,194,4.29134e-07,50.0794,N,COG5048
Cluster-70816.35532_Frame+2,COG5048,7,103,2.18544e-05,45.0718,C,COG5048
Cluster-70816.35530_Frame+2,NBD_sugar-kinase_HSP70_actin,1,244,3.86909e-179,496.53,N,cl17037
Cluster-70816.44852_Frame-2,PHR,1,115,2.18573e-49,153.519,N,pfam08005
Cluster-70816.86564_Frame+2,FH2,191,504,5.74265e-61,205.578,-,cl19758
Cluster-70816.86560_Frame+2,RRM_SF,24,88,2.31115e-25,92.6748,-,cl17169
Cluster-70816.79568_Frame+2,p450,1,125,4.55982e-26,100.809,C,pfam00067
Cluster-39405.0_!WTR_Frame+1,Ribonuc_P_40,8,55,1.30323e-09,50.7469,NC,pfam08584
Cluster-69340.0_Frame+1,Molybdopterin-Binding,6,52,0.00283043,33.1817,NC,cl09928
Cluster-70816.79566_Frame-3,PTZ00170,12,225,5.05164e-116,330.024,-,PTZ00170
Cluster-70816.127306_Frame-3,SGT1,21,541,3.86716e-142,423.583,N,pfam07093
Cluster-75081.1_Frame-1,ZnMc,3,157,7.35201e-30,115.413,N,cl00064
Cluster-70816.6628_Frame+2,SDR,42,163,8.05226e-52,166.246,C,cl25409
Cluster-70816.6621_Frame-2,SMC_prok_A,2,109,2.45913e-08,50.0663,NC,TIGR02169
Cluster-70816.28286_Frame+1,PTP-MTMR10-like,259,475,6.16084e-85,265.745,-,cd14537
Cluster-70816.28286_Frame+1,PH-like,26,186,8.15176e-17,78.7426,-,cl17171
Cluster-70816.28287_Frame+1,PTP-MTMR10-like,259,455,1.18938e-89,277.686,-,cd14537
Cluster-70816.28287_Frame+1,PH-like,26,186,7.43236e-17,78.7426,-,cl17171
Cluster-70816.28282_Frame-1,COG5048,28,96,0.000463488,38.1382,NC,COG5048
Cluster-70816.30477_Frame-3,PTZ00424,20,406,0,614.913,-,PTZ00424
Cluster-70816.125343_Frame+3,7tmB3_Methuselah-like,760,1067,1.61149e-42,156.615,-,cd15039
Cluster-70816.35545_!WTR_Frame+2,2OG-FeII_Oxy,1,37,7.66403e-05,38.1782,N,cl21496
Cluster-1374.0_Frame+1,PKc_like,1,57,5.14573e-37,123.19,C,cl21453
Cluster-70816.78215_Frame+1,C2A_Synaptotagmin-7,65,190,3.36007e-77,232.22,-,cd08386
Cluster-70816.78215_Frame+1,C2,196,332,5.91034e-77,231.923,-,cl14603
Cluster-70816.78216_Frame+3,TANGO2,1,259,4.55871e-87,260.215,-,pfam05742
Cluster-1618.0_Frame-2,H3,28,131,5.54997e-58,174.944,-,smart00428
Cluster-70816.7976_!WTR_Frame+3,rSAM_ocin_1,15,39,0.00106686,34.2244,NC,TIGR03975
Cluster-70816.110935_Frame-2,YqeH,298,484,8.60988e-66,216.362,-,cd01855
Cluster-70816.110935_Frame-2,PRK13796,262,735,1.13244e-51,183.909,-,PRK13796
Cluster-70816.57011_Frame+2,CABIT,31,297,1.79601e-33,123.228,-,pfam12736
Cluster-70816.57017_Frame-1,IGc2,118,179,4.89341e-11,58.5723,-,smart00408
Cluster-70816.57017_Frame-1,PHA03247,483,841,1.75254e-05,48.7813,N,PHA03247
Cluster-70816.57017_Frame-1,Ig,14,89,3.59592e-05,42.9337,-,cl11960
Cluster-70816.157063_Frame-1,LIC,2,159,1.3854e-21,92.0837,NC,TIGR00860
Cluster-70816.5196_Frame+3,Herpes_glycoH_C,3,46,0.00504329,33.1454,N,cl29046
Cluster-70816.139554_Frame-3,RT_like,30,94,0.00129483,35.7298,N,cl02808
Cluster-70816.38817_Frame+2,COG5048,513,765,2.92564e-09,60.0946,N,COG5048
Cluster-70816.153858_Frame-1,IcmF_C,14,50,0.00473229,32.2654,NC,pfam06744
Cluster-70816.37792_Frame-3,IG,147,234,3.44954e-12,60.982,-,smart00409
Cluster-70816.37792_Frame-3,IG_like,43,136,2.90479e-07,47.1149,-,smart00410
Cluster-70816.37794_Frame-3,IG,148,235,3.24801e-11,58.2856,-,smart00409
Cluster-70816.37794_Frame-3,V-set,43,136,1.34724e-07,48.9949,-,pfam07686
Cluster-70816.123273_!WTR_Frame+1,7tm_GPCRs,2,76,5.61002e-35,118.502,NC,cl28897
Cluster-70816.123274_Frame+1,7tmC_mGluRs,1,200,8.35459e-112,323.813,N,cd15045
Cluster-70816.123275_Frame+3,PBP1_mGluR,93,549,0,620.8,-,cd06362
Cluster-70816.123275_Frame+3,7tmC_mGluRs_group2_3,632,883,2.10515e-161,472.483,-,cd15934
Cluster-70816.123275_Frame+3,NCD3G,564,612,1.15598e-15,71.499,-,pfam07562
Cluster-70816.123276_Frame+1,PBP1_mGluR,93,553,0,633.511,-,cd06362
Cluster-70816.123276_Frame+1,NCD3G,568,600,7.05916e-10,54.5502,C,pfam07562
Cluster-70816.66861_Frame+2,2A0308,1,196,8.26211e-53,176.091,N,TIGR00911
Cluster-70816.66862_Frame+2,ALDH_F3AB,9,453,0,777.94,-,cd07132
Cluster-70816.66863_Frame+2,Ig,163,242,5.02419e-08,50.4827,-,cl11960
Cluster-82549.0_Frame-2,7tmA_TACR,117,405,4.02213e-163,473.32,-,cd15390
Cluster-70816.83008_Frame+1,IG_like,42,134,6.39374e-14,62.908,-,smart00410
Cluster-70816.3903_Frame+2,2A0303,9,320,1.32125e-21,99.119,C,TIGR00906
Cluster-70816.3902_Frame+2,2A0303,71,428,1.55298e-30,127.239,C,TIGR00906
Cluster-70816.3904_Frame-1,UDPGT,75,437,2.16802e-61,208.031,N,pfam00201
Cluster-3956.0_!WTR_Frame+3,LIM1_CRP2,9,63,2.51386e-30,105.456,-,cd09480
Cluster-3956.0_!WTR_Frame+3,LIM2_CRP2,119,172,1.25438e-29,103.649,-,cd09840
Cluster-69967.1_Frame+1,Periplasmic_Binding_Protein_Type_2,1,106,4.73385e-06,43.9101,N,cl21456
Cluster-69967.0_Frame-1,Periplasmic_Binding_Protein_Type_2,1,102,6.96899e-10,54.6121,C,cl21456
Cluster-5669.0_Frame-2,Peptidase_M41,1,162,3.55105e-80,235.957,N,pfam01434
Cluster-70816.100581_Frame-3,PRK04654,93,184,0.00474395,36.7135,N,PRK04654
Cluster-70816.128230_Frame+3,TPT,35,330,6.26277e-14,71.1666,-,cl26744
Cluster-34957.0_Frame-3,DM4_12,68,125,3.40359e-07,45.0133,N,cl11657
Cluster-37.0_Frame+1,Glycolytic,15,69,1.18269e-32,114.154,C,pfam00274
Cluster-60130.0_Frame-2,SIMIBI,16,46,0.00739423,31.8829,NC,cl28913
Cluster-70816.110199_Frame+1,arom_aa_hydroxylase,2,217,3.39088e-152,425.39,N,cl01244
Cluster-70816.93524_!WTR_Frame+2,Phospholip_A2_1,38,117,2.96841e-22,85.3577,C,pfam00068
Cluster-70816.93527_!WTR_Frame-2,PRK14018,5,47,0.000451807,35.2356,C,PRK14018
Cluster-70816.93521_Frame+3,PLN00129,1,138,2.18435e-96,278.981,N,PLN00129
Cluster-70816.133851_Frame+3,metallo-dependent_hydrolases,2,201,1.90269e-89,266.804,N,cl00281
Cluster-70816.133850_Frame+2,metallo-dependent_hydrolases,33,193,2.16092e-75,230.596,N,cl00281
Cluster-70816.133852_Frame-1,metallo-dependent_hydrolases,51,172,5.26191e-32,116.191,C,cl00281
Cluster-70816.117369_Frame+1,CCD48,328,583,8.83952e-15,78.4714,C,pfam15799
Cluster-70816.117369_Frame+1,PHA03247,583,732,3.11479e-08,58.0261,N,PHA03247
Cluster-70816.117369_Frame+1,SMC_prok_B,728,889,6.13055e-08,56.9886,N,TIGR02168
Cluster-70816.122917_Frame+2,LamG,139,318,7.03516e-18,81.3104,-,cd00110
Cluster-70816.122917_Frame+2,LamG,406,564,2.49154e-12,64.6681,-,smart00282
Cluster-70816.122917_Frame+2,EGF_CA,631,667,5.29642e-10,55.3354,-,cd00054
Cluster-70816.122917_Frame+2,EGF_CA,351,377,0.000128411,39.9274,N,cd00054
Cluster-70816.122917_Frame+2,Cadherin_C,902,934,0.00101149,40.6294,N,pfam01049
Cluster-70816.122917_Frame+2,EGF_CA,102,136,0.002249,36.4606,-,cd00054
Cluster-12286.0_!WTR_Frame-3,Sec61_beta,1,37,3.57092e-15,60.4696,-,pfam03911
Cluster-70816.82951_Frame-3,SPT2,479,575,2.74917e-16,74.624,-,pfam08243
Cluster-70816.82951_Frame-3,PTZ00108,273,511,1.0042e-06,51.9708,N,PTZ00108
Cluster-70816.109175_Frame-3,GT1,22,96,5.75509e-06,43.7806,-,cl23759
Cluster-70816.109174_Frame-2,GT1,22,96,5.75509e-06,43.7806,-,cl23759
Cluster-70816.101253_Frame+3,MH1_SMAD_4,9,133,9.36666e-99,287.427,-,cd10492
Cluster-70816.101253_Frame+3,PAT1,174,253,0.00411729,38.835,NC,pfam09770
Cluster-70816.10634_Frame+2,PLN00185,1,47,0.00235207,35.5485,N,PLN00185
Cluster-70816.10632_Frame+3,PTZ00428,2,352,0,517.7,-,PTZ00428
Cluster-70816.10633_!WTR_Frame+3,PTZ00428,2,352,0,515.389,-,PTZ00428
Cluster-70816.109746_Frame+3,PCC,45,110,7.82397e-10,55.8587,C,TIGR00864
Cluster-70816.150115_Frame-3,CAP_ED,7,71,3.601e-10,56.1802,N,cd00038
Cluster-70816.110371_Frame+2,HSNSD,81,551,0,692.868,-,pfam12062
Cluster-70816.110371_Frame+2,Sulfotransfer_1,640,890,7.12788e-31,122.061,-,pfam00685
Cluster-70816.91582_Frame-2,MPP_PP2A_PP4_PP6,9,293,0,623.454,-,cd07415
Cluster-70816.76868_Frame-3,RING_Ubox,16,46,4.58179e-06,41.6335,C,cl17238
Cluster-70816.76861_Frame+2,GAT_1,6,210,4.50102e-31,113.035,-,cl00020
Cluster-70816.39237_Frame+3,PRK04195,802,1096,7.37227e-13,72.646,C,PRK04195
Cluster-70816.109747_Frame+2,Methyltransf_11,59,148,1.36979e-19,85.0276,-,pfam08241
Cluster-70816.116937_Frame+3,V-set,38,117,2.44811e-09,52.0765,-,pfam07686
Cluster-70816.100440_Frame-2,Methyltransf_23,56,167,8.11018e-07,47.0262,C,pfam13489
Cluster-70816.106025_Frame+2,RING3-HC_MIB1,94,135,4.16232e-24,87.1238,-,cd16727
Cluster-70816.137297_Frame+3,PH-like,179,282,1.46985e-57,180.078,-,cl17171
Cluster-70816.137297_Frame+3,PTZ00121,20,120,0.0087568,37.4279,N,PTZ00121
Cluster-70816.137299_!WTR_Frame-3,CAP_euk,61,180,9.26462e-37,124.489,C,cd05380
Cluster-70816.87147_Frame+2,ABCC_MRP_domain2,98,318,2.51712e-116,335.232,-,cd03244
Cluster-70816.87147_Frame+2,ABC_6TM_SUR1_D2_like,1,40,5.29501e-16,77.2588,N,cd18602
Cluster-70816.117879_Frame-2,MFS_OPA_SLC37,10,407,3.31724e-56,189.407,-,cd17312
Cluster-70816.78475_Frame+3,PRK05192,33,656,0,817.359,-,PRK05192
Cluster-4360.0_Frame-2,PFK,1,130,2.09571e-80,250.895,C,cl00204
Cluster-70816.135479_!WTR_Frame+2,Ig,40,125,1.42346e-10,56.6871,-,cl11960
Cluster-70816.135479_!WTR_Frame+2,Ig_3,132,234,1.13314e-08,50.9935,-,pfam13927
Cluster-70816.117875_!WTR_Frame+1,Ig,2,54,0.00387294,32.6404,C,cl11960
Cluster-70816.12287_Frame+3,PRK05269,1,319,0,604.076,-,PRK05269
Cluster-70816.34406_Frame+1,LamG,9,118,1.49586e-21,93.1019,N,cl22861
Cluster-70816.34406_Frame+1,LIC,390,675,5.70962e-16,80.9129,C,TIGR00860
Cluster-70816.34406_Frame+1,LDLa,351,385,5.43304e-13,63.3797,-,cd00112
Cluster-70816.34406_Frame+1,CLECT,144,246,5.32308e-11,60.0815,-,cl02432
Cluster-70816.34406_Frame+1,LGIC_TM_GlyR_alpha,613,752,1.16469e-06,48.0067,-,cd19060
Cluster-70816.138741_Frame+2,DDE_Tnp_1_7,103,463,5.58296e-63,210.998,-,pfam13843
Cluster-18652.0_Frame-3,DMSO_red_II_alp,87,136,0.00601846,35.548,N,TIGR03479
Cluster-70816.138744_!WTR_Frame-2,chaperonin_like,28,105,0.00409567,34.9526,N,cl02777
Cluster-70816.34403_Frame+3,LamG,7,160,2.2232e-25,104.273,N,cl22861
Cluster-70816.34403_Frame+3,LIC,432,717,5.39803e-16,81.2981,C,TIGR00860
Cluster-70816.34403_Frame+3,LDLa,393,427,4.75922e-13,63.3797,-,cd00112
Cluster-70816.34403_Frame+3,CLECT,186,288,6.09787e-11,60.0815,-,cl02432
Cluster-70816.34403_Frame+3,LGIC_TM_GlyR_alpha,655,794,1.01741e-06,48.0067,-,cd19060
Cluster-70816.34402_Frame+3,LamG,7,160,2.2232e-25,104.273,N,cl22861
Cluster-70816.34402_Frame+3,LIC,432,717,5.39803e-16,81.2981,C,TIGR00860
Cluster-70816.34402_Frame+3,LDLa,393,427,4.75922e-13,63.3797,-,cd00112
Cluster-70816.34402_Frame+3,CLECT,186,288,6.09787e-11,60.0815,-,cl02432
Cluster-70816.34402_Frame+3,LGIC_TM_GlyR_alpha,655,794,1.01741e-06,48.0067,-,cd19060
Cluster-70816.95382_!WTR_Frame-1,PTZ00132,1,215,7.8154e-167,457.617,-,PTZ00132
Cluster-70816.49004_Frame+3,BAAT_C,244,445,2.14911e-84,257.6,-,pfam08840
Cluster-70816.49004_Frame+3,Bile_Hydr_Trans,47,178,1.44251e-43,148.854,-,pfam04775
Cluster-70816.49004_Frame+3,Abhydrolase,178,293,3.38885e-08,53.9236,C,cl21494
Cluster-70816.49003_Frame+1,BAAT_C,176,377,9.29887e-85,256.059,-,pfam08840
Cluster-70816.49003_Frame+1,Bile_Hydr_Trans,1,110,1.61755e-24,96.8518,-,pfam04775
Cluster-70816.49003_Frame+1,Abhydrolase,110,225,2.75839e-08,53.9236,C,cl21494
Cluster-70816.41258_!WTR_Frame-1,COesterase,1,214,2.01395e-91,277.269,C,pfam00135
Cluster-34961.0_Frame+3,prc,32,61,0.00347935,33.1016,NC,TIGR00225
Cluster-70816.41256_!WTR_Frame+1,AdoMet_MTases,40,84,2.20924e-07,46.5565,N,cl17173
Cluster-13422.0_!WTR_Frame+2,SNF5,1,156,6.23849e-47,150.309,-,pfam04855
Cluster-70816.37145_Frame-1,Angiomotin_C,577,779,1.0185e-33,129.121,-,pfam12240
Cluster-70816.37145_Frame-1,SbcC,406,653,7.64227e-11,66.7075,N,COG0419
Cluster-70816.37145_Frame-1,PRK08581,1215,1395,0.00165015,42.8527,C,PRK08581
Cluster-70816.141476_Frame-1,Galactosyl_T,194,296,9.66697e-27,103.945,C,cl21608
Cluster-104518.0_Frame+3,EEP,4,214,1.6263e-89,265.72,C,cl00490
Cluster-70816.153957_Frame-1,Ig,7,47,0.00060995,35.5792,N,cl11960
Cluster-70816.153957_Frame-1,Ig_2,64,106,0.00281274,33.8827,C,pfam13895
Cluster-14143.0_Frame-1,IF4E,50,209,1.65672e-90,263.61,-,pfam01652
Cluster-70816.42782_Frame-2,MBOAT,90,359,1.10261e-14,75.8611,C,cl00738
Cluster-70816.42780_Frame+2,MAM,329,491,2.70143e-32,121.713,-,pfam00629
Cluster-70816.42780_Frame+2,MAM,5,137,2.33724e-21,90.9001,-,cd06263
Cluster-70816.42780_Frame+2,MAM,143,307,1.7993e-17,79.7293,-,cd06263
Cluster-70816.42780_Frame+2,MAM,499,579,1.50473e-14,71.252,C,pfam00629
Cluster-70816.124030_Frame+1,ZUO1,15,159,0.000803972,39.6308,NC,COG5269
Cluster-70816.150028_Frame+2,CTC1,6,138,5.29172e-10,63.2409,C,cl24054
Cluster-70816.27362_Frame+1,Ctf8,18,124,1.4519e-11,57.1963,-,pfam09696
Cluster-13988.0_Frame+2,PRK06358,1,84,3.00877e-16,71.1884,NC,PRK06358
Cluster-70816.46945_Frame-1,Lipocalin,126,205,1.98324e-05,42.7968,N,pfam00061
Cluster-70816.46946_Frame-2,Lipocalin,112,191,3.33662e-05,42.0264,N,pfam00061
Cluster-70816.85174_Frame+3,rve,301,478,1.81246e-27,109.384,-,cl21549
Cluster-70816.85174_Frame+3,CENPB,184,241,6.09522e-13,64.2357,-,smart00674
Cluster-70816.85174_Frame+3,HTH,111,164,0.00162033,37.0443,-,cl21459
Cluster-70816.76944_Frame+2,era,114,241,1.56689e-15,74.3134,N,PRK00089
Cluster-70816.85178_Frame+3,PTZ00459,166,239,0.000216416,41.6958,C,PTZ00459
Cluster-70816.76940_Frame+2,Era,69,203,8.04902e-39,137.593,C,cd04163
Cluster-70816.76940_Frame+2,era,65,406,1.01832e-13,71.6637,C,PRK15494
Cluster-70816.138874_Frame+3,LPLAT,61,421,6.95563e-78,246.609,-,cl17185
Cluster-70816.124036_!WTR_Frame-1,DUF4499,1,35,1.4405e-07,43.3816,N,pfam14934
Cluster-70816.115575_Frame-2,Sulfotransfer_3,194,269,1.37261e-08,54.2962,N,pfam13469
Cluster-70816.98772_Frame+3,Cyt-b5,79,116,1.25807e-05,40.6798,C,cl02041
Cluster-70816.126466_Frame+2,SET,64,102,0.00453309,36.3272,N,pfam00856
Cluster-70816.126467_Frame+2,SET,64,102,0.00372983,36.3272,N,pfam00856
Cluster-70816.126467_Frame+2,phnA,142,183,0.00876424,35.2746,C,TIGR00686
Cluster-86028.0_Frame+1,Ion_trans,267,464,1.38521e-17,81.5552,C,pfam00520
Cluster-70816.163013_!WTR_Frame-2,pepsin_retropepsin_like,75,161,1.49535e-05,41.168,-,cl11403
Cluster-70816.116009_Frame-3,Cyt_b561_FRRS1_like,34,219,5.82702e-40,137.861,-,cd08760
Cluster-70816.116005_Frame-1,COG5048,294,626,5.73726e-06,49.309,N,COG5048
Cluster-70816.116004_Frame+1,MIG-14_Wnt-bd,1,144,1.72903e-41,140.836,N,pfam06664
Cluster-70816.78394_Frame-1,AraC_E_bind,43,174,5.1607e-05,42.8488,-,smart00871
Cluster-70816.78397_Frame+1,FAD_binding_7,13,213,4.77592e-94,281.674,C,cl29363
Cluster-70816.78396_!WTR_Frame-3,Beta_elim_lyase,25,44,0.00109656,33.5634,NC,cl18945
Cluster-70816.78393_Frame-1,AraC_E_bind,43,174,7.85519e-05,42.4636,-,smart00871
Cluster-70816.78399_Frame+3,FAD_binding_7,1,149,9.57867e-62,196.16,C,cl29363
Cluster-70816.29294_Frame-3,LIC,10,272,7.22472e-32,122.514,C,TIGR00860
Cluster-70816.112656_!WTR_Frame+1,RRM_SF,1,14,9.92108e-05,37.7993,N,cl17169
Cluster-70816.112657_Frame-1,NHL,2369,2703,4.75094e-35,138.432,-,cl18310
Cluster-70816.112657_Frame-1,Tox-GHH,3824,3897,4.36985e-29,112.319,-,pfam15636
Cluster-70816.112657_Frame-1,RhsA,2807,3475,2.59754e-10,66.4949,C,COG3209
Cluster-70816.112657_Frame-1,EGF_2,1816,1843,6.04901e-05,42.4069,-,pfam07974
Cluster-70816.112657_Frame-1,Herpes_BLLF1,295,519,0.000115645,47.9888,NC,pfam05109
Cluster-70816.112657_Frame-1,Keratin_B2,1811,1970,0.000198652,44.775,-,pfam01500
Cluster-70816.112657_Frame-1,EGF_2,1724,1746,0.000379332,40.0957,N,pfam07974
Cluster-70816.112657_Frame-1,EGF_CA,1782,1812,0.0013035,38.7718,-,cd00054
Cluster-70816.112657_Frame-1,PHA03307,1024,1373,0.00484067,42.8509,C,PHA03307
Cluster-70816.29298_Frame+3,CCP,44,99,3.94727e-06,42.0648,-,cd00033
Cluster-70816.112653_Frame+3,FERM_C_FRMD4A_FRMD4B,218,364,8.66929e-57,191.406,-,cd13191
Cluster-70816.112653_Frame+3,B41,20,222,2.34461e-38,142.434,-,smart00295
Cluster-70816.112653_Frame+3,DUF3338,413,526,1.94168e-29,114.338,-,pfam11819
Cluster-70816.112653_Frame+3,PHA03307,626,834,0.00810339,40.5397,C,PHA03307
Cluster-70816.5253_Frame-2,PTP-MTMR6-like,147,333,6.00891e-122,352.415,C,cd14532
Cluster-70816.5253_Frame-2,PH-GRAM_MTMR6-like,24,118,3.10309e-59,185.178,-,cd13210
Cluster-70816.5252_!WTR_Frame+2,FYVE_MTMR_unchar,192,252,3.46277e-37,125.133,-,cd15738
Cluster-70816.5255_Frame+3,Ig,38,113,0.000824217,35.5669,C,cl11960
Cluster-70816.121114_Frame+1,COG5048,8,123,2.62213e-07,47.383,N,COG5048
Cluster-70816.121119_Frame+3,PLN02724,9,828,1.80152e-170,514.032,-,PLN02724
Cluster-70816.110877_Frame+3,MYSc_Myo7,102,746,0,1370.79,-,cd01381
Cluster-70816.110877_Frame+3,FERM1_F1_Myosin-VII,1263,1361,6.29859e-65,214.811,-,cd17092
Cluster-70816.110877_Frame+3,FERM2_F1_Myosin-VII,1870,1967,7.27046e-63,209.016,-,cd17093
Cluster-70816.110877_Frame+3,MyTH4,1717,1864,3.35149e-60,203.361,-,smart00139
Cluster-70816.110877_Frame+3,FERM_C1_MyoVII,1475,1573,7.48515e-57,191.659,-,cd13198
Cluster-70816.110877_Frame+3,MyTH4,1152,1259,6.73869e-48,168.308,N,smart00139
Cluster-70816.110877_Frame+3,B41,1265,1481,8.11691e-32,123.945,-,smart00295
Cluster-70816.110877_Frame+3,SH3,1574,1638,3.54187e-30,114.146,-,cl17036
Cluster-70816.110877_Frame+3,DUF5401,681,948,0.000770946,44.4332,NC,pfam17380
Cluster-70816.110872_Frame+1,BAF250_C,913,1174,3.81554e-120,375.078,-,pfam12031
Cluster-70816.110872_Frame+1,ARID_ARID1A-like,40,132,5.71137e-53,179.782,-,cd16865
Cluster-70816.110872_Frame+1,Glutenin_hmw,272,430,1.06399e-06,53.2227,NC,pfam03157
Cluster-70816.110872_Frame+1,Herpes_BLLF1,1255,1355,5.14684e-05,47.6036,NC,pfam05109
Cluster-70816.110872_Frame+1,Mplasa_alph_rch,734,872,0.000533979,44.2408,NC,TIGR04523
Cluster-70816.110873_Frame+3,BAF250_C,615,876,9.68935e-121,371.226,-,pfam12031
Cluster-70816.110873_Frame+3,Med15,9,159,6.81604e-06,50.0068,C,pfam09606
Cluster-70816.110873_Frame+3,Herpes_BLLF1,957,1057,3.99614e-05,47.6036,NC,pfam05109
Cluster-70816.110873_Frame+3,Mplasa_alph_rch,436,574,0.000405656,44.2408,NC,TIGR04523
Cluster-9561.0_Frame+2,COG4091,1,66,0.00856309,33.1905,C,COG4091
Cluster-6153.0_!WTR_Frame+1,BRICHOS,81,175,2.43344e-33,115.06,-,smart01039
Cluster-63965.0_Frame+2,RT_like,1,54,0.00148192,35.3446,C,cl02808
Cluster-70816.90632_Frame-3,SH2,454,554,8.45816e-51,170.262,-,cl15255
Cluster-70816.90632_Frame-3,SOCS,563,613,9.18787e-22,88.507,-,cl02533
Cluster-70816.167782_Frame+1,PEX11,12,94,1.18243e-07,47.2406,N,pfam05648
Cluster-70816.74972_Frame+1,Sod_Cu,84,146,2.55406e-20,80.6682,C,pfam00080
Cluster-101305.1_Frame+1,LIC,1,77,1.8822e-13,63.1937,NC,TIGR00860
Cluster-70816.76196_Frame+2,Syntaxin_2,20,72,0.00449582,33.7657,C,pfam14523
Cluster-70816.75134_Frame+1,Auts2,180,349,0.00399707,39.0295,-,pfam15336
Cluster-12746.0_Frame+1,RRM_SF,1,48,1.03963e-30,105.032,N,cl17169
Cluster-12746.0_Frame+1,zf-RanBP,85,115,8.8835e-06,40.0279,-,pfam00641
Cluster-70816.151034_Frame+1,Lig_chan,408,675,7.1049e-16,78.0995,-,pfam00060
Cluster-70816.151034_Frame+1,Periplasmic_Binding_Protein_Type_2,282,401,1.71373e-11,64.8992,C,cl21456
Cluster-70816.95914_!WTR_Frame-3,Thioredoxin_like,1,78,1.02524e-24,89.882,N,cl00388
Cluster-70816.132472_Frame+1,COG5048,100,149,0.0085662,35.4418,C,COG5048
Cluster-70816.83014_Frame+1,Misat_Tub_SegII,6,120,5.42843e-51,157.804,-,pfam10644
Cluster-70816.27658_Frame+2,Periplasmic_Binding_Protein_Type_2,113,316,8.47614e-14,72.3313,C,cl21456
Cluster-70816.27658_Frame+2,Lig_chan,215,426,1.54406e-10,61.5359,-,pfam00060
Cluster-70816.27659_Frame+2,Lig_chan,297,508,1.06512e-10,62.3063,-,pfam00060
Cluster-70816.27659_Frame+2,Periplasmic_Binding_Protein_Type_2,181,398,2.94761e-10,61.9309,C,cl21456
Cluster-70816.83015_Frame-1,IG_like,223,305,1.12459e-17,78.316,-,smart00410
Cluster-70816.83015_Frame-1,FN3,506,591,1.35956e-12,64.0547,-,cd00063
Cluster-70816.83015_Frame-1,Ig,429,495,3.2228e-10,56.4816,-,cd00096
Cluster-70816.83015_Frame-1,I-set,309,398,8.42368e-10,55.7171,-,pfam07679
Cluster-70816.83015_Frame-1,I-set,128,213,4.33855e-09,53.7911,-,pfam07679
Cluster-70816.83015_Frame-1,FN3,623,706,2.88815e-08,51.7283,-,cd00063
Cluster-70816.83015_Frame-1,IG,30,120,2.1041e-05,43.2629,-,smart00409
Cluster-70816.27654_Frame+1,Periplasmic_Binding_Protein_Type_2,3,72,9.40353e-14,63.8569,C,cl21456
Cluster-70816.27650_Frame+3,Lig_chan,4,37,0.000238756,40.35,NC,pfam00060
Cluster-28111.0_Frame+2,Zona_pellucida,8,97,6.15869e-07,48.6968,N,pfam00100
Cluster-10405.1_!WTR_Frame+1,Lig_chan,11,60,1.53407e-07,48.054,C,pfam00060
Cluster-70816.70906_Frame+1,RabGAP-TBC,21,90,6.16385e-15,67.6738,N,pfam00566
Cluster-70816.70909_!WTR_Frame-1,Sin_N,2,26,0.000451763,36.5113,N,pfam04801
Cluster-70816.90967_Frame+3,metazoan_ACD,83,170,6.70219e-10,56.7595,-,cd06526
Cluster-70816.90967_Frame+3,PRK12678,115,336,7.31748e-05,47.2059,C,PRK12678
Cluster-70816.90967_Frame+3,PHA03307,623,1015,0.00339802,41.6953,C,PHA03307
Cluster-70816.60330_Frame+2,Avl9,250,432,2.17059e-47,170.507,N,pfam09794
Cluster-70816.60336_Frame-1,IG_like,58,131,1.34754e-11,57.9004,C,smart00410
Cluster-70816.60336_Frame-1,IG_like,2,48,0.00101551,36.7145,N,smart00410
Cluster-70816.60339_Frame-1,CAP_ED,6,97,1.47138e-19,83.9145,-,cd00038
Cluster-70816.114141_Frame+2,EamA,90,240,1.81972e-06,49.2609,C,cl23754
Cluster-70816.114143_Frame-3,MOR2-PAG1_N,273,805,0,665.045,-,pfam14222
Cluster-70816.114143_Frame-3,MOR2-PAG1_mid,1087,1306,0.00566048,41.0453,C,pfam14228
Cluster-70816.115421_Frame+3,M1_APN-Q_like,102,555,0,658.116,-,cd09601
Cluster-70816.115421_Frame+3,ERAP1_C,637,958,6.22545e-104,326.907,-,pfam11838
Cluster-70816.114144_Frame-3,MOR2-PAG1_N,273,805,0,669.667,-,pfam14222
Cluster-70816.114144_Frame-3,MOR2-PAG1_C,2270,2522,1.36028e-97,315.57,-,pfam14225
Cluster-70816.114144_Frame-3,MOR2-PAG1_mid,1087,2103,5.04967e-26,118.085,-,pfam14228
Cluster-70816.114145_Frame-3,MOR2-PAG1_N,273,805,0,670.052,-,pfam14222
Cluster-70816.114145_Frame-3,MOR2-PAG1_C,2270,2522,1.24416e-97,315.57,-,pfam14225
Cluster-70816.114145_Frame-3,MOR2-PAG1_mid,1087,2103,5.29943e-26,118.085,-,pfam14228
Cluster-70816.114147_Frame+2,TER_DECR_SDR_a,62,311,6.82174e-121,348.423,-,cd05369
Cluster-70816.130828_Frame+2,Recep_L_domain,376,480,3.56637e-26,103.459,-,pfam01030
Cluster-70816.130828_Frame+2,Recep_L_domain,93,201,2.34252e-23,95.3694,-,pfam01030
Cluster-70816.130828_Frame+2,Furin-like,243,361,2.41465e-12,64.7651,N,pfam00757
Cluster-70816.130828_Frame+2,fn3,629,671,1.67338e-05,43.5484,C,pfam00041
Cluster-70816.130828_Frame+2,FN3,523,606,0.000879746,38.7497,-,smart00060
Cluster-70816.130827_Frame+1,DUF2236,65,208,5.87516e-08,52.7063,C,pfam09995
Cluster-70816.130826_Frame+1,fn3,60,102,3.55479e-05,41.2372,C,pfam00041
Cluster-70816.20978_Frame-3,Chitin_bind_4,95,139,4.48616e-05,39.9319,-,pfam00379
Cluster-70816.20978_Frame-3,VirB10_like,168,257,0.00104198,40.1915,NC,cl28929
Cluster-70816.20979_Frame-3,dnaA,116,218,0.0004123,40.5792,C,PRK14086
Cluster-70816.20979_Frame-3,Chitin_bind_4,40,83,0.00172923,35.3095,-,pfam00379
Cluster-70816.65210_Frame+2,MAPEG,12,130,1.89177e-14,64.9987,-,pfam01124
Cluster-70816.45148_Frame+1,RT_like,63,104,0.00153296,36.115,C,cl02808
Cluster-70816.112753_Frame+3,hCaCC,73,115,3.17335e-07,52.1923,N,TIGR00868
Cluster-70816.112753_Frame+3,FN3,81,176,0.000489374,38.6315,-,cd00063
Cluster-70816.143969_Frame+2,ADAM_CR,21,56,0.00816842,33.1024,N,cl15456
Cluster-70816.123961_Frame-2,ALP_like,23,177,1.23964e-86,259.405,C,cl23718
Cluster-70816.58496_Frame+1,TMEM135_C_rich,9,143,5.31568e-31,115.734,-,pfam15982
Cluster-70816.58493_!WTR_Frame+3,DUF302_like,10,65,0.00750364,33.1279,NC,cl21600
Cluster-70816.149045_Frame-3,SAM_ANKS3,198,258,2.84548e-28,105.653,-,cd09519
Cluster-70816.149045_Frame-3,Ank_2,1,90,1.0408e-16,74.7578,-,pfam12796
Cluster-70816.149045_Frame-3,PTZ00322,71,182,3.84062e-05,45.6594,C,PTZ00322
Cluster-70816.157010_Frame+2,MFS_spinster_like,92,475,1.70063e-58,198.614,-,cd17328
Cluster-70816.157016_Frame-2,RbsD_FucU,5,28,0.00047781,35.4463,C,pfam05025
Cluster-70816.157019_Frame+1,CLECT,273,323,0.00102928,38.755,C,cd00037
Cluster-70816.157018_Frame+2,CLECT,273,323,0.00102928,38.755,C,cd00037
Cluster-70816.128082_Frame+3,F-box-like,247,296,6.92006e-08,48.6368,-,pfam12937
Cluster-70816.128082_Frame+3,MIT,147,174,0.00011232,40.1955,C,pfam04212
Cluster-70816.128081_Frame-3,Cadherin_repeat,50,123,8.23589e-10,55.0122,-,cd11304
Cluster-6851.0_Frame+2,Coiled-coil_56,1,69,2.66285e-35,114.731,N,pfam09813
Cluster-8098.0_Frame-1,PLN02940,1,70,6.9778e-22,86.4265,N,PLN02940
Cluster-13031.0_Frame+3,EH,121,194,8.43832e-29,102.741,C,smart00027
Cluster-13031.2_Frame-3,EHD,60,269,4.14392e-149,416.289,-,cd09913
Cluster-13031.2_Frame-3,EHD_N,25,56,1.15458e-14,65.8653,-,pfam16880
Cluster-13725.0_Frame+1,Ntn_hydrolase,30,118,3.11579e-56,173.214,C,cl00467
Cluster-70816.154828_Frame+3,PchG,23,91,0.00125235,37.8982,N,cl28196
Cluster-70816.66172_Frame+2,Rab21,14,175,8.48873e-106,301.451,-,cd04123
Cluster-70816.81879_Frame-2,MFS_MFSD6,35,545,1.67274e-75,244.801,-,cd17335
Cluster-70816.128566_Frame-3,Collagen,567,625,5.06888e-07,47.0986,-,pfam01391
Cluster-70816.128566_Frame-3,Collagen,398,443,0.000178024,39.7798,C,pfam01391
Cluster-70816.81872_Frame-2,SHNi-TPR,6,40,3.116e-11,56.7024,-,pfam10516
Cluster-70816.81873_Frame-2,Ntn_hydrolase,66,132,1.90106e-39,130.422,C,cl00467
Cluster-70816.122130_Frame+2,COG5048,94,414,5.2795e-07,52.0054,C,COG5048
Cluster-99993.0_Frame-3,CLECT,267,403,9.34513e-09,53.3726,-,smart00034
Cluster-99993.0_Frame-3,CLECT,412,463,0.000140563,41.4314,C,cl02432
Cluster-99993.0_Frame-3,CLECT,1,87,0.000212779,40.661,-,cl02432
Cluster-763.0_!WTR_Frame+2,KRAB,4,44,1.14434e-23,83.1643,-,pfam01352
Cluster-70816.102999_Frame+1,VacB,577,1168,5.88623e-138,436.052,-,COG0557
Cluster-70816.102990_Frame+1,UBCc,6,149,6.86402e-60,181.723,-,smart00212
Cluster-10241.0_Frame+2,RRS1,1,27,5.71943e-07,46.7435,N,pfam04939
Cluster-70816.120729_Frame+1,7tmB3_Methuselah-like,555,846,1.98993e-60,207.077,-,cd15039
Cluster-70816.86138_Frame+1,PEBP_euk,18,162,2.49532e-55,171.787,-,cd00866
Cluster-70816.86139_Frame-1,nramp,79,478,0,566.274,-,TIGR01197
Cluster-70816.86134_Frame+3,Ank_2,21,113,7.79282e-25,96.7142,-,pfam12796
Cluster-70816.86135_Frame+1,MDN1,279,470,0.00275034,41.138,N,COG5271
Cluster-70816.86136_Frame+1,MDN1,279,470,0.00262632,41.5232,N,COG5271
Cluster-70816.86132_Frame+2,PHA02876,222,581,4.29351e-31,129.413,NC,PHA02876
Cluster-70816.86132_Frame+2,PHA03095,23,340,2.98139e-28,118.589,C,PHA03095
Cluster-70816.86132_Frame+2,PLN03192,471,663,1.22165e-11,67.9709,N,PLN03192
Cluster-70816.86133_Frame+2,PHA02876,222,581,2.96126e-31,130.569,NC,PHA02876
Cluster-70816.86133_Frame+2,PHA03095,23,340,1.09808e-29,123.596,C,PHA03095
Cluster-70816.86133_Frame+2,PLN03192,471,663,1.57652e-11,67.9709,N,PLN03192
Cluster-70816.137312_Frame-2,AdoMet_MTases,108,260,2.79844e-08,55.2917,C,cl17173
Cluster-70816.79931_Frame-2,SLC5sbd_NIS-SMVT,7,535,5.38352e-176,509.719,-,cd11492
Cluster-70816.47939_!WTR_Frame+3,zf-H2C2_2,48,73,0.000306958,34.6361,-,pfam13465
Cluster-70816.47939_!WTR_Frame+3,zf-C2H2,34,56,0.00281122,32.274,-,pfam00096
Cluster-70816.48657_Frame+3,Ion_trans,1,185,9.01987e-44,148.195,N,pfam00520
Cluster-70816.97241_Frame+2,PCI,266,364,2.47275e-20,85.3434,-,pfam01399
Cluster-70816.97241_Frame+2,RPN5,90,391,2.7388e-13,70.7453,N,COG5071
Cluster-6112.0_Frame+3,HSBP1,10,60,1.48258e-21,78.342,-,pfam06825
Cluster-70816.87261_Frame+3,BET4,81,287,0.000931988,40.6234,C,COG5536
Cluster-70816.87264_!WTR_Frame+3,Glyco_tranf_GTA_type,9,70,0.00980643,32.9128,NC,cl11394
Cluster-70816.106199_Frame-3,CY,271,376,1.49547e-16,75.2032,-,cd00042
Cluster-70816.106199_Frame-3,CY,1,98,1.63333e-15,72.4609,-,smart00043
Cluster-70816.106199_Frame-3,CY,132,238,4.14432e-13,65.5732,-,cd00042
Cluster-70816.106199_Frame-3,CY,463,560,9.94725e-07,47.0836,-,cd00042
Cluster-70816.132220_Frame+1,PRK13357,23,369,2.31067e-138,397.596,-,PRK13357
Cluster-70816.156129_Frame-1,7tm_classA_rhodopsin-like,40,195,1.25929e-06,48.0426,N,cd00637
Cluster-70816.82724_Frame+3,IKI3,6,450,2.86219e-82,271.076,NC,cl27115
Cluster-70816.28830_Frame+1,Periplasmic_Binding_Protein_Type_2,11,114,0.000924857,36.9765,NC,cl21456
Cluster-70816.18360_Frame-1,Arrestin_C,36,170,1.0998e-23,93.1618,-,pfam02752
Cluster-70816.18361_Frame-1,Arrestin_C,36,170,1.0998e-23,93.1618,-,pfam02752
Cluster-70816.105423_Frame+3,SrmB,2,355,7.13011e-57,195.009,N,COG0513
Cluster-70816.105425_Frame+2,F-box-like,34,74,3.08408e-10,55.1852,-,pfam12937
Cluster-70816.105425_Frame+2,AMN1,241,406,0.00144321,40.0032,N,cl28166
Cluster-70816.98626_Frame+3,CBM_14,54,106,1.12555e-08,48.1754,-,pfam01607
Cluster-70816.105429_Frame+2,PurA,28,243,1.00154e-114,327.944,-,pfam04845
Cluster-70816.105428_!WTR_Frame+2,RRM_RBM25,106,188,2.00327e-38,131.192,-,cd12446
Cluster-70816.105428_!WTR_Frame+2,RRM,71,266,3.97962e-06,47.6342,N,COG0724
Cluster-70816.73153_Frame+2,WD40,16,211,2.54911e-10,59.2708,C,cl29593
Cluster-70816.98621_Frame+3,Carb_anhydrase,25,272,5.41199e-130,369.56,-,pfam00194
Cluster-70816.135454_!WTR_Frame+3,SLC5-6-like_sbd,1,101,2.50604e-18,79.0663,N,cl00456
Cluster-82590.3_Frame-3,PORR,4,21,0.00525724,32.0843,N,pfam11955
Cluster-70816.14334_Frame+2,Apt1,23,101,1.1253e-35,125.345,N,pfam10351
Cluster-70816.84189_Frame+3,Nei,58,159,1.03972e-14,73.4472,N,COG0266
Cluster-70816.84189_Frame+3,zf-GRF,332,371,7.83435e-06,42.4036,-,pfam06839
Cluster-70816.84189_Frame+3,zf-RanBP,186,210,0.000283473,37.7167,-,pfam00641
Cluster-70816.84188_Frame+3,metallo-dependent_hydrolases,9,146,6.90438e-76,232.108,C,cl00281
Cluster-70816.104778_Frame-3,CaiB,1,373,6.35491e-152,434.049,-,COG1804
Cluster-70816.99306_Frame-3,rad23,2,311,2.24659e-81,251.353,-,TIGR00601
Cluster-70816.99300_Frame-2,Cytochrom_C1,55,273,8.09902e-147,410.036,-,pfam02167
Cluster-70816.133373_Frame-2,M1_APN-Q_like,59,511,0,650.027,-,cd09601
Cluster-70816.133373_Frame-2,ERAP1_C,590,914,1.23072e-99,314.195,-,pfam11838
Cluster-70816.136806_Frame+3,Cast,205,466,2.68146e-34,137.76,C,pfam10174
Cluster-26245.0_Frame-3,KOW_RPL27,6,79,3.10291e-35,114.203,-,cd06090
Cluster-70816.127679_Frame-1,GlcAT-I,2,220,8.16173e-103,297.67,-,cd00218
Cluster-70816.127672_Frame+1,RRM_SF,1,14,9.92108e-05,37.7993,N,cl17169
Cluster-70816.127675_Frame-3,Glyco_transf_43,38,233,4.64638e-99,287.856,-,pfam03360
Cluster-70816.127677_Frame-1,GlcAT-I,2,220,8.16173e-103,297.67,-,cd00218
Cluster-70816.72204_Frame-2,Paf1,34,377,1.43044e-176,498.016,-,pfam03985
Cluster-70816.110539_Frame-2,DLIC,22,448,0,628.422,-,pfam05783
Cluster-70816.110538_Frame-2,DLIC,22,237,2.69783e-103,307.166,C,pfam05783
Cluster-70816.96070_Frame+2,NHL_PAL_like,444,745,1.51239e-120,367.359,-,cd14958
Cluster-70816.96070_Frame+2,Cu2_monoox_C,180,309,2.47414e-34,128.516,-,pfam03712
Cluster-70816.96070_Frame+2,Cu2_monooxygen,45,158,5.83161e-23,95.011,-,pfam01082
Cluster-3468.0_Frame-1,PRK11109,1,348,1.99439e-85,262.576,-,PRK11109
Cluster-70816.113407_Frame-3,PT_UbiA,68,138,7.58299e-29,105.599,C,cl00337
Cluster-70816.113407_Frame-3,NADH-UOR_E,1,51,0.00242419,34.6704,N,pfam16514
Cluster-70816.113401_Frame+1,Guanylate_kin,243,457,4.57718e-47,160.624,-,pfam00625
Cluster-70816.113401_Frame+1,SH3_MPP,116,182,5.79136e-31,113.444,-,cd11862
Cluster-70816.113401_Frame+1,PDZ_signaling,12,90,7.27374e-13,63.7398,-,cd00992
Cluster-70816.113403_Frame-1,Peptidase_C2,90,282,3.24662e-114,330.649,C,pfam00648
Cluster-70816.65588_Frame+3,ZZ_PCMF_like,7,55,2.4426e-20,81.2392,-,cd02338
Cluster-70816.65588_Frame+3,zf-Di19,77,136,1.10046e-17,74.2361,-,pfam05605
Cluster-70816.65589_Frame+3,ZZ_PCMF_like,7,55,1.1908e-20,82.3948,-,cd02338
Cluster-70816.65589_Frame+3,zf-Di19,77,136,1.08071e-17,74.6213,-,pfam05605
Cluster-92722.0_Frame-3,Rota_VP2,16,49,0.00136692,34.5881,NC,pfam05087
Cluster-70816.22125_Frame-2,2A1904,1,578,0,552.679,N,TIGR00927
Cluster-70816.62055_Frame+2,P-loop_NTPase,11,138,1.07797e-58,180.866,C,cl21455
Cluster-70816.62056_!WTR_Frame-2,MDN1,37,202,2.37431e-08,54.2347,N,COG5271
Cluster-70816.62058_Frame+2,FHA,1,105,6.37531e-10,52.7738,-,cd00060
Cluster-70816.29310_Frame+2,7tmA_5-HT7,91,512,4.86054e-134,390.863,-,cd15329
Cluster-70816.112590_Frame-1,LU,68,142,0.00732039,34.392,-,cl10471
Cluster-62635.0_!WTR_Frame-1,AICARFT_IMPCHas,2,25,0.0033085,31.5835,NC,pfam01808
Cluster-70816.122764_Frame-2,Sas10,420,492,1.35678e-31,116.056,-,pfam09368
Cluster-70816.122764_Frame-2,Sas10_Utp3,232,309,7.47338e-06,43.7393,-,pfam04000
Cluster-70816.7138_Frame-2,LRR_9,22,167,4.99874e-07,49.3487,-,pfam14580
Cluster-70816.7138_Frame-2,LRR_4,2,37,0.00607682,34.1288,-,pfam12799
Cluster-70816.76252_Frame+1,DPM3,7,91,4.50284e-16,66.4169,-,pfam08285
Cluster-70816.76250_Frame+3,NR_LBD,79,242,3.01048e-27,103.457,-,cl11397
Cluster-70816.76256_Frame-3,COG4026,28,75,0.00462164,39.894,NC,COG4026
Cluster-70816.76257_Frame+2,7tm_classA_rhodopsin-like,92,285,2.33009e-33,123.157,C,cd00637
Cluster-70816.76254_Frame-2,COG4026,28,75,0.00440366,39.894,NC,COG4026
Cluster-70816.26807_Frame-2,Tryp_SPc,106,362,2.69914e-70,219.455,-,cd00190
Cluster-70816.26807_Frame-2,CLIP,37,78,2.71102e-07,46.7321,-,smart00680
Cluster-70816.109506_Frame+1,Adaptin_N,46,594,2.18616e-158,473.647,-,pfam01602
Cluster-70816.109506_Frame+1,Alpha_adaptinC2,775,878,6.26731e-32,119.655,-,smart00809
Cluster-70816.109505_Frame-1,PHR,26,117,1.27032e-05,45.6632,N,pfam08005
Cluster-70816.109505_Frame-1,PTZ00449,155,388,0.00101825,42.7546,N,PTZ00449
Cluster-70816.109503_Frame+3,Ig,70,143,4.35403e-16,70.3488,-,cd00096
Cluster-70816.109503_Frame+3,Ig,157,232,3.4121e-08,49.3157,-,cl11960
Cluster-70816.109509_Frame+1,MviM,1,325,4.18152e-53,177.745,-,COG0673
Cluster-70816.63728_Frame-2,Stealth_CR2,291,398,9.1099e-66,214.254,-,pfam11380
Cluster-70816.63728_Frame-2,Notch,405,437,1.13784e-10,56.7563,-,pfam00066
Cluster-70816.63728_Frame-2,Notch,462,492,4.45046e-09,52.1339,-,pfam00066
Cluster-70816.63728_Frame-2,Stealth_CR1,77,97,7.99014e-08,48.6875,C,pfam17101
Cluster-70816.129607_Frame-3,SANT_MTA3_like,285,329,3.25442e-25,97.685,-,cd11661
Cluster-70816.129607_Frame-3,ELM2,180,227,1.14236e-08,51.0837,-,pfam01448
Cluster-70816.129606_Frame-3,SANT_MTA3_like,285,329,6.97476e-24,92.2922,-,cd11661
Cluster-70816.129606_Frame-3,ELM2,180,227,1.23866e-08,50.3133,-,pfam01448
Cluster-70816.158500_Frame+1,SPEC,2,161,1.91093e-27,102.909,C,cd00176
Cluster-70816.120114_Frame+2,Ion_trans,57,346,1.07695e-68,217.531,-,pfam00520
Cluster-1643.0_Frame-3,SRPBCC,1,110,4.39128e-63,190.395,N,cl14643
Cluster-70816.120115_Frame-2,BTB_POZ_BAB-like,30,113,3.32075e-30,112.258,-,cd18315
Cluster-70816.120115_Frame-2,zf-H2C2_2,431,455,8.46651e-06,42.3401,-,pfam13465
Cluster-70816.120115_Frame-2,zf-H2C2_2,403,424,0.000633008,36.9473,-,pfam13465
Cluster-70816.120115_Frame-2,zf-H2C2_5,444,469,0.00526037,34.1007,-,pfam13909
Cluster-12433.0_Frame+3,Armet,26,170,1.60892e-91,262.954,-,pfam10208
Cluster-70816.52563_Frame+2,DUF4209,140,219,1.71722e-16,74.9618,-,pfam13910
Cluster-70816.52561_Frame+2,PDEase_I,277,496,7.32319e-99,312.941,-,pfam00233
Cluster-70816.108677_Frame-2,Ion_trans,154,341,2.7404e-19,87.7184,-,pfam00520
Cluster-70816.108677_Frame-2,Ion_trans,451,680,1.52281e-16,79.6292,-,pfam00520
Cluster-70816.108676_Frame+1,WD40,49,339,1.56362e-72,226.447,-,cd00200
Cluster-70816.108675_Frame+1,WD40,49,339,1.56362e-72,226.447,-,cd00200
Cluster-70816.108673_Frame+2,YcbX,54,331,1.69549e-43,150.651,-,COG3217
Cluster-70816.108670_Frame-1,PH_APBB1IP,246,369,2.4943e-65,209.785,-,cd01259
Cluster-70816.108670_Frame-1,RA_MRL_MIG10,119,204,1.97696e-51,171.867,-,cd16138
Cluster-70816.128341_Frame-1,p31comet,21,143,2.94729e-07,50.7062,NC,pfam06581
Cluster-70816.108678_Frame-2,LEM,12,46,1.68214e-09,50.0954,-,cd12934
Cluster-70816.150220_Frame-2,FYVE_like_SF,15,69,1.04116e-11,56.2322,-,cl28890
Cluster-70816.150220_Frame-2,ZFYVE21_C,77,117,4.12085e-06,43.0745,C,pfam16696
Cluster-70816.64041_Frame+3,dNK,133,290,1.04871e-47,157.775,-,cd01673
Cluster-70816.44171_Frame-3,RNase_H_like,7,80,5.86105e-25,90.2445,C,cl14782
Cluster-14191.0_Frame-1,Ribosomal_L38e,2,68,2.39911e-34,111.076,-,pfam01781
Cluster-4057.0_!WTR_Frame-1,BAF,1,86,3.95281e-61,180.057,-,pfam02961
Cluster-70816.108377_!WTR_Frame+1,ALDH-SF,1,51,9.77984e-27,99.3446,N,cl11961
Cluster-70816.156246_Frame+3,DUF4503,531,905,7.14405e-26,110.876,-,pfam14951
Cluster-70816.156246_Frame+3,DUF4502,107,190,9.09905e-06,48.7237,NC,pfam14950
Cluster-70816.156243_Frame+3,Mrp_NBP35,61,163,3.78836e-42,139.559,C,cd02037
Cluster-70816.58511_Frame+1,P-loop_NTPase,11,138,1.07797e-58,180.866,C,cl21455
Cluster-70816.92921_Frame+2,HAT,2,33,0.000511841,36.7582,-,smart00386
Cluster-70816.92921_Frame+2,TPR_19,69,116,0.00150595,36.4234,C,pfam14559
Cluster-70816.159623_Frame+3,Mei5,1,60,4.4145e-27,96.7714,N,pfam10376
Cluster-96443.0_Frame-1,LEF-9,16,46,0.00801515,33.0307,N,cl27971
Cluster-70816.92277_Frame+1,PDEase_I,626,867,3.48395e-118,359.936,-,pfam00233
Cluster-70816.95510_Frame+1,MgtE,159,280,1.65587e-18,81.3066,-,pfam01769
Cluster-70816.95510_Frame+1,MgtE,371,502,1.17008e-17,78.9954,-,pfam01769
Cluster-70816.95511_Frame+2,An_peroxidase,114,652,0,707.773,-,pfam03098
Cluster-1892.1_Frame-1,Aconitase_swivel,1,119,2.94744e-75,220.225,N,cl00215
Cluster-70816.105191_Frame+3,DUF2052,137,291,4.24151e-28,108.935,-,pfam09747
Cluster-70816.105193_Frame+2,WD40,128,444,2.19602e-20,91.2424,-,cl29593
Cluster-70816.105197_Frame-2,UP_hUPP-like,49,323,0,514.39,-,cd17763
Cluster-70816.49451_Frame+1,Chitin_bind_4,37,90,0.00027979,35.6947,-,pfam00379
Cluster-70816.103926_!WTR_Frame+2,RT_like,1,29,1.05036e-05,39.967,NC,cl02808
Cluster-70816.103924_Frame+2,M14_CP_N-E_like,37,352,1.28192e-155,444.017,-,cd03858
Cluster-70816.103924_Frame+2,Peptidase_M14NE-CP-C_like,356,447,4.85895e-27,103.373,-,cd11308
Cluster-70816.103923_Frame+2,Zona_pellucida,6851,7084,8.65038e-14,75.1158,-,cl27758
Cluster-70816.103923_Frame+2,EGF_CA,756,784,0.00904373,37.2264,C,smart00179
Cluster-70816.103920_Frame+2,BASP1,229,316,8.19999e-05,44.5809,C,pfam05466
Cluster-70816.103920_Frame+2,PTZ00459,604,688,8.6886e-05,44.7774,C,PTZ00459
Cluster-70816.90847_Frame+1,STKc_RSK_N,55,370,0,712.25,-,cd05582
Cluster-70816.90847_Frame+1,STKc_RSK_C,411,700,0,606.168,-,cd14091
Cluster-70816.139847_Frame+1,Homeobox,117,164,5.3097e-19,75.2203,-,pfam00046
Cluster-70816.142851_Frame-1,GlcD,72,133,1.57058e-10,57.212,C,COG0277
Cluster-70816.142852_Frame-1,PrmA,15,66,5.89759e-10,54.3901,C,cl29228
Cluster-70816.75967_Frame+1,NDUF_C2,10,121,1.28709e-35,117.785,-,pfam06374
Cluster-70816.100470_Frame+3,A2M_2,986,1272,1.39049e-136,421.602,-,cd02897
Cluster-70816.100470_Frame+3,A2M,759,849,4.85285e-30,114.6,-,pfam00207
Cluster-70816.100470_Frame+3,A2M_recep,1379,1467,2.09754e-26,103.791,-,pfam07677
Cluster-70816.100470_Frame+3,A2M_N,131,228,5.35913e-15,71.9163,-,pfam01835
Cluster-70816.100470_Frame+3,YfaS,113,420,1.83376e-13,75.9214,NC,COG2373
Cluster-70816.100470_Frame+3,A2M_N_2,536,604,1.91365e-09,57.2609,N,pfam07703
Cluster-70816.100473_!WTR_Frame-3,RING_Ubox,88,146,5.39188e-05,40.3425,-,cl17238
Cluster-70816.100472_Frame-2,TCTP,1,163,1.92517e-57,176.937,-,pfam00838
Cluster-70816.95903_Frame+1,gelsolin_S1_like,5,116,1.15546e-60,199.757,-,cd11290
Cluster-70816.95903_Frame+1,gelsolin_S4_like,398,498,2.6512e-47,162.825,-,cd11293
Cluster-70816.95903_Frame+1,gelsolin_S6_like,629,728,5.62713e-45,156.304,-,cd11291
Cluster-70816.95903_Frame+1,gelsolin_S2_like,131,223,8.80496e-39,138.524,-,cd11289
Cluster-70816.95903_Frame+1,gelsolin_S5_like,525,616,6.6099e-37,133.126,-,cd11288
Cluster-70816.95903_Frame+1,gelsolin_S3_like,247,345,2.16029e-31,117.736,-,cd11292
Cluster-70816.95902_Frame-1,Rieske,144,237,1.91356e-34,124.448,-,cl00938
Cluster-70816.95902_Frame-1,HcaE,144,445,5.95404e-22,96.7922,-,COG4638
Cluster-70816.154872_Frame+3,Chitin_bind_4,36,89,0.000323965,35.3095,-,pfam00379
Cluster-70816.79877_Frame+2,HLH,1,50,2.15635e-10,53.7617,-,smart00353
Cluster-70816.90075_Frame-2,DM4_12,109,172,0.000182895,38.7942,N,pfam07841
Cluster-13001.0_!WTR_Frame-2,RING-H2_RBX2,19,78,5.59244e-29,97.9734,-,cd16466
Cluster-70816.97312_Frame-1,A2M,123,167,1.62338e-11,57.2054,C,pfam00207
Cluster-35282.0_Frame+1,cyclophilin_ABH_like,4,162,2.41566e-116,325.751,-,cd01926
Cluster-70816.107123_Frame+3,PLN03206,8,55,0.00301669,33.5878,NC,PLN03206
Cluster-70816.107120_Frame+1,Arginase_HDAC,300,648,0,592.776,-,cl17011
Cluster-70816.107120_Frame+1,Arginase_HDAC,1230,1488,9.42665e-137,424.829,C,cl17011
Cluster-70816.107120_Frame+1,Arginase_HDAC,1,219,2.88686e-110,352.383,N,cl17011
Cluster-70816.107120_Frame+1,Arginase_HDAC,875,1176,7.25987e-47,171.724,-,cl17011
Cluster-70816.107126_Frame+2,F-actin_cap_A,18,285,7.2118e-157,437.361,-,pfam01267
Cluster-70816.107127_Frame+2,Cadherin_C,36,176,6.85853e-69,206.265,-,pfam01049
Cluster-70816.107124_!WTR_Frame+2,F-actin_cap_A,3,69,6.64063e-36,121.112,N,pfam01267
Cluster-70816.107125_!WTR_Frame+1,F-actin_cap_A,3,69,6.64063e-36,121.112,N,pfam01267
Cluster-70816.93536_Frame-1,Obg_CgtA,117,433,3.5695e-125,366.362,-,TIGR02729
Cluster-1491.0_!WTR_Frame-2,PLN02469,1,241,5.39223e-125,354.838,-,PLN02469
Cluster-70816.82682_Frame+1,Tubulin_FtsZ_Cetz-like,6,376,6.691e-103,314.257,C,cl10017
Cluster-70816.82685_Frame-3,peptidase_C19C,1639,2039,1.8102e-123,392.776,-,cd02659
Cluster-70816.82685_Frame-3,Ubl_UBP24,879,962,4.41569e-16,75.0388,-,cd17065
Cluster-70816.82685_Frame-3,UBA_like_SF,5,41,2.82354e-10,57.073,-,cl21463
Cluster-70816.131656_Frame+2,CEP76-C2,95,250,7.96162e-41,143.214,-,pfam15627
Cluster-70816.94838_Frame+3,M1P_guanylylT_A_like_N,5,259,1.09058e-158,447.471,-,cd06428
Cluster-70816.94838_Frame+3,LbetaH,287,353,5.36e-23,91.8303,-,cl00160
Cluster-70816.147300_Frame+3,COG5048,146,200,2.48312e-05,46.2274,C,COG5048
Cluster-70816.147300_Frame+3,zf-H2C2_2,78,101,0.00186817,35.4065,-,pfam13465
Cluster-70816.147300_Frame+3,zf-C2H2,120,142,0.00632542,33.8148,-,pfam00096
Cluster-70816.147301_Frame+1,IG_like,1,66,2.24055e-10,52.8929,C,smart00410
Cluster-70816.147304_Frame+3,Ribosomal_L18_L5e,76,121,0.00280337,36.6704,NC,cl00379
Cluster-70816.113951_!WTR_Frame-1,PDEase_I,1,134,8.91817e-51,166.951,N,pfam00233
Cluster-70816.113956_Frame-2,Cnd2,45,707,9.20096e-94,305.046,-,cl19886
Cluster-70816.113954_!WTR_Frame+1,DUF4757,14,100,0.00771144,33.5991,C,pfam15949
Cluster-70816.92480_Frame+1,RPB7,1,202,1.56707e-43,144.359,-,COG1095
Cluster-70816.71221_Frame+1,RNase_Y,148,206,0.00122256,38.7534,C,TIGR03319
Cluster-70816.108280_Frame+3,AmyAc_family,52,386,1.64071e-36,138.283,-,cl07893
Cluster-70816.1858_Frame+3,Lipocalin_2,47,189,1.15946e-05,44.2594,-,pfam08212
Cluster-70816.124842_Frame+2,PDZ_signaling,18,104,3.18591e-17,76.8366,-,cd00992
Cluster-70816.124845_!WTR_Frame+1,DUF521,49,66,0.00531597,33.6388,NC,pfam04412
Cluster-70816.70576_!WTR_Frame+1,PRK12999,7,28,0.00432801,30.877,NC,PRK12999
Cluster-70816.67889_Frame-2,PH_TFIIH,9,103,2.91411e-31,115.061,-,cd13229
Cluster-70816.67889_Frame-2,BSD,187,229,6.12134e-10,54.5237,-,pfam03909
Cluster-70816.67883_Frame+2,Myb_DNA-bind_4,191,252,4.6716e-06,44.9796,C,pfam13837
Cluster-70816.67887_Frame-1,OATP,51,88,3.87648e-14,66.4252,C,pfam03137
Cluster-70816.122908_Frame-1,zf-H2C2_2,37,60,7.12561e-06,40.0289,-,pfam13465
Cluster-70816.122908_Frame-1,zf-C2H2,51,73,0.00477085,32.6592,-,pfam00096
Cluster-1034.0_Frame+1,Ependymin,1,93,2.64806e-56,171.582,N,cl02428
Cluster-70816.143271_Frame+2,H4,3,129,4.02081e-38,126.618,-,cl23735
Cluster-5749.0_Frame-2,AdoMet_MTases,18,108,1.72817e-22,86.0616,C,cl17173
Cluster-5648.0_Frame-2,SERPIN,29,95,3.34859e-26,99.157,C,cl00137
Cluster-70816.79681_Frame+2,2A0308,84,221,4.64174e-52,174.935,NC,TIGR00911
Cluster-70816.79682_Frame+1,2A0308,23,377,2.74806e-112,336.719,C,TIGR00911
Cluster-70816.79683_Frame+3,2A0308,1,155,3.22737e-36,131.023,N,TIGR00911
Cluster-70816.79684_Frame-3,Chitin_bind_4,34,78,0.00532034,33.7687,-,pfam00379
Cluster-70816.79687_Frame+2,NSA2,4,260,0,522.184,-,cd11381
Cluster-20154.0_Frame-1,Ubl_SUMO1,15,90,3.2179e-51,154.922,-,cd16114
Cluster-70816.65623_!WTR_Frame+1,MFS_SLC22A15,7,57,2.89334e-11,55.9402,N,cd17377
Cluster-13175.0_Frame-2,RPN2,3,80,8.07426e-21,86.157,N,COG5116
Cluster-70816.103891_Frame-2,Nucleic_acid_bd,22,164,3.97747e-29,114.443,-,pfam13820
Cluster-70816.103891_Frame-2,PHA03247,159,611,4.05209e-10,65.73,N,PHA03247
Cluster-70816.103891_Frame-2,NESP55,1128,1302,0.00102669,43.3158,-,pfam06390
Cluster-70816.103891_Frame-2,PTZ00108,2087,2321,0.00103344,44.2668,N,PTZ00108
Cluster-70816.49624_Frame-2,ERAP1_C,83,404,5.86855e-106,316.121,-,pfam11838
Cluster-70816.78158_!WTR_Frame+1,PRK02888,28,62,0.00295858,34.1821,NC,PRK02888
Cluster-70816.58061_Frame-3,Ig,157,213,0.000938839,37.1557,C,cl11960
Cluster-13290.0_Frame+1,Lipocalin,3,124,1.52457e-31,108.144,-,cl21528
Cluster-70816.58062_Frame-1,Ig,159,215,0.000946045,37.1557,C,cl11960
Cluster-70816.78150_Frame+2,recQ_fam,829,1302,0,575.951,-,TIGR00614
Cluster-70816.78150_Frame+2,HRDC,1387,1453,2.40995e-11,60.6368,-,pfam00570
Cluster-2517.0_Frame+2,OM_channels,11,120,7.13766e-11,57.8464,C,cl21487
Cluster-70816.77085_Frame+3,Fasciclin,12,130,5.04448e-21,85.3826,-,pfam02469
Cluster-70816.77085_Frame+3,Fasciclin,143,272,9.33907e-09,52.2555,-,cl02663
Cluster-70816.77088_Frame+1,Fasciclin,4,114,2.82404e-08,48.0183,-,cl02663
Cluster-9959.0_Frame-1,class_II_aaRS-like_core,1,94,5.00098e-55,170.854,C,cl00268
Cluster-70816.69847_Frame-3,DUF2870,189,285,1.36702e-53,169.344,-,pfam11069
Cluster-70816.69846_Frame-3,DUF2870,161,257,4.6724e-54,169.729,-,pfam11069
Cluster-70816.69843_Frame-1,DUF2870,161,257,4.6724e-54,169.729,-,pfam11069
Cluster-70816.69849_Frame-3,ATE_C,291,428,8.15747e-66,208.406,-,pfam04377
Cluster-70816.69849_Frame-3,ATE_N,21,92,1.5565e-27,104.87,-,pfam04376
Cluster-70816.95282_Frame-2,Motor_domain,2,242,5.61028e-161,460.778,NC,cl22853
Cluster-70816.95281_Frame-2,PHA03247,665,1161,1.59493e-09,63.0337,N,PHA03247
Cluster-70816.95281_Frame-2,PHA03247,991,1488,3.00838e-05,48.7813,N,PHA03247
Cluster-70816.95281_Frame-2,PHA03247,415,817,0.000641375,44.5441,N,PHA03247
Cluster-70816.95286_Frame-3,SIX1_SD,37,150,2.49625e-69,215.44,-,pfam16878
Cluster-70816.95286_Frame-3,homeodomain,158,206,1.02114e-11,59.5645,-,cd00086
Cluster-70816.95286_Frame-3,PRK10856,250,360,0.000118257,43.8616,NC,PRK10856
Cluster-70816.95284_Frame-1,Motor_domain,2,293,3.29978e-180,500.727,-,cl22853
Cluster-70816.95285_Frame+1,Tryp_SPc,29,260,8.23333e-99,288.406,-,cd00190
Cluster-70816.120288_Frame+3,CysPc,238,556,1.56629e-86,277.285,-,cl00051
Cluster-70816.120288_Frame+3,calpain_III,700,822,4.69459e-25,101.288,-,smart00720
Cluster-70816.120288_Frame+3,MIT,88,158,6.18072e-22,90.0583,-,cl00299
Cluster-70816.120288_Frame+3,Calpain_III,582,692,0.000242171,41.9672,-,cl00165
Cluster-70816.120288_Frame+3,MIT,11,65,0.00270751,36.7287,-,pfam04212
Cluster-70816.95288_Frame-1,UQ_con,3529,3660,2.04155e-31,121.518,-,pfam00179
Cluster-70816.95288_Frame-1,BIRC6,2378,2510,1.07195e-21,94.91,-,pfam12356
Cluster-70816.95289_Frame-1,UQ_con,3576,3707,2.2021e-31,121.518,-,pfam00179
Cluster-70816.95289_Frame-1,BIRC6,2425,2557,1.12397e-21,94.91,-,pfam12356
Cluster-70816.94151_Frame+3,CAP_GLY,408,472,2.99832e-31,115.986,-,pfam01302
Cluster-70816.94151_Frame+3,CAP_GLY,538,609,8.15169e-27,103.275,-,pfam01302
Cluster-70816.94151_Frame+3,Ank_2,236,342,2.89456e-08,51.6458,-,pfam12796
Cluster-70816.94150_Frame+3,CAP_GLY,408,472,1.0732e-30,114.831,-,pfam01302
Cluster-70816.94150_Frame+3,CAP_GLY,538,609,2.85829e-26,102.119,-,pfam01302
Cluster-70816.94150_Frame+3,CAP_GLY,804,860,2.26951e-25,99.4229,-,pfam01302
Cluster-70816.94150_Frame+3,Ank_2,236,342,3.43108e-08,51.6458,-,pfam12796
Cluster-70816.94155_!WTR_Frame+3,Innexin,25,354,6.21462e-104,309.493,-,pfam00876
Cluster-70816.94154_Frame+3,RVT_1,5,95,0.00344365,35.3458,NC,pfam00078
Cluster-70816.94157_Frame+3,MPN_UPF0172,19,197,1.52783e-73,220.244,-,cd08060
Cluster-70816.109737_Frame-3,PRK06241,8,283,8.02967e-57,195.493,N,PRK06241
Cluster-70816.109731_Frame+2,7tmA_FMRFamide_R-like,84,384,5.71667e-81,256.406,-,cd14978
Cluster-70816.109733_Frame-3,RhoGAP,533,600,1.1091e-25,104.812,C,cl02570
Cluster-70816.109733_Frame-3,BAR,119,314,1.14381e-12,67.7577,-,cl12013
Cluster-70816.109733_Frame-3,C1,476,521,1.44436e-08,50.9292,-,smart00109
Cluster-70816.109733_Frame-3,PTZ00108,182,460,0.000505338,43.1112,N,PTZ00108
Cluster-70816.127200_!WTR_Frame-3,zf-H2C2_2,52,71,3.28543e-06,42.3401,C,pfam13465
Cluster-70816.127200_!WTR_Frame-3,RPE65,98,190,0.000227792,41.2238,C,cl10080
Cluster-70816.127200_!WTR_Frame-3,zf-H2C2_5,66,90,0.00031261,36.7971,-,pfam13909
Cluster-70816.127200_!WTR_Frame-3,zf-C2H2,38,60,0.000953367,35.3556,-,pfam00096
